arm,cost,slice,total_trades,win_rate,profit_factor,avg_r_multiple,expectancy_r,avg_trade_usd,avg_win_usd,avg_loss_usd,max_drawdown_usd,max_drawdown_pct,total_return_pct,cagr_pct,sharpe_ratio,sortino_ratio,calmar_ratio,exposure_pct,net_pnl_usd,final_portfolio_value_usd,max_consecutive_losses,avg_hold_minutes,long_trades,short_trades,long_pf,short_pf,r_mean_ci_low,r_mean_ci_high,is_oos_pf_ratio
ext2_at_exit,base,E1,530,0.469811320754717,0.9323750512237212,-0.12405118008358852,-0.12405118008358852,-2.379265849056302,69.82375301204848,-66.35987686832709,2567.458999999943,2.4831382921195995,-1.26101089999984,-3.022987261034027,-0.9265908886730077,-1.3198592073480346,-1.2174059216225182,85.63134978229319,-1261.01089999984,98738.98910000017,10,195.9811320754717,285,245,1.0195153103363057,0.8357604692255376,-0.2535639105412749,-0.0066447426416151555,
ext2_at_exit,base,E2,515,0.4893203883495146,0.8799840870414648,-0.049204422471261174,-0.049204422471261174,-4.299510097087089,64.42607103174637,-70.15063726235717,3362.009799999888,3.2664676965263992,-2.2142476999998504,-5.238351833872246,-1.8224660188550836,-2.445459960850047,-1.6036747705917225,86.89320388349515,-2214.2476999998507,97785.75230000015,8,199.5242718446602,243,272,0.8960683790313527,0.8657748670141225,-0.15820215724150585,0.07272310717256733,
ext2_at_exit,base,E3,425,0.46588235294117647,0.9083002729164343,0.005426093625776944,0.005426093625776944,-3.6966642352938384,78.59504141414172,-75.47533259911869,2774.8198999999404,2.716173833653068,-1.5710822999998815,-4.630301945802595,-1.2092394609988595,-1.5779617619750348,-1.704714878125144,84.81146304675717,-1571.0822999998813,98428.91770000012,8,179.28235294117647,224,201,1.002410769216784,0.8146891247877325,-0.13673951319194375,0.15407079725859724,
ext2_at_exit,base,C,420,0.48095238095238096,0.9083421924666992,-0.07445285106853229,-0.07445285106853229,-3.324887142856765,68.5101396039607,-69.88761834862339,3704.23909999994,3.630143257316656,-1.3964525999998414,-4.190093284205476,-1.1529413136501538,-1.7303769535167963,-1.15425011830049,87.17948717948718,-1396.4525999998414,98603.54740000016,7,188.47619047619048,216,204,0.9667715823828071,0.850632366350012,-0.181089176855007,0.03899746469113521,
ext2_at_exit,base,B,105,0.41904761904761906,0.8582941542937033,-0.18751610069311603,-0.18751610069311603,-9.606602857142532,138.85286590909135,-116.69212131147518,2642.4450999999817,2.5835718100030083,-1.008693299999966,-11.611824467543098,-1.4523658897790384,-2.4022025934385045,-4.494484892033861,87.54578754578755,-1008.6932999999659,98991.30670000003,8,193.0952380952381,50,55,0.7241902525356536,1.1156157697844056,-0.4498071777966558,0.07061554214774901,
ext2_at_exit,base,A,315,0.4634920634920635,0.7886817198728568,-0.06462069914554783,-0.06462069914554783,-7.49094825396777,60.31970410958961,-66.0729319526623,3234.938299999877,3.1870271724244916,-2.3596486999998474,-9.044843399591995,-3.2099696239236772,-4.063388888288077,-2.8380189155121767,86.54863654863655,-2359.6486999998474,97640.35130000015,7,190.14285714285714,180,135,0.6958636782803916,0.929551887283827,-0.1999756092960211,0.08351500626070159,
ext2_at_exit,base,D1,420,0.4666666666666667,1.020055006026267,-0.06222266832750931,-0.06222266832750931,0.73044309523859,79.61234234693919,-68.29121874999943,2338.530999999937,2.1056542627997334,0.3067861000002078,0.9367106898586108,0.2986545037796364,0.45565943207671405,0.4448549348330032,85.21062271062272,306.7861000002078,100306.7861000002,9,190.01190476190476,200,220,1.0789097003382901,0.9736897999988183,-0.18671182626092878,0.06835428832016234,
ext2_at_exit,base,D2,415,0.4891566265060241,1.022186491559642,-0.020340853172340703,-0.020340853172340703,0.8867812048199234,83.5237615763554,-78.24202547169754,1870.4745999999311,1.8172940318917215,0.3680142000002682,1.1150172230914634,0.3219593792630259,0.5035299363373268,0.613559062828584,89.52734012974977,368.0142000002682,100368.01420000027,13,197.72289156626505,201,214,1.0069255757041256,1.035111711282008,-0.1361129228626801,0.09573053951579887,
ext2_at_exit,base,D3,420,0.5023809523809524,1.0782397438037616,0.024983749420387707,0.024983749420387707,3.1413159523815386,86.17203933649348,-80.68395980861186,2319.909999999837,2.221911353640413,1.319352700000246,4.00212795054522,0.9660093799966246,1.538063834702561,1.8012095505016767,90.8882783882784,1319.3527000002462,101319.35270000025,8,216.1904761904762,199,221,1.1122725244636607,1.0501870872658345,-0.08374286414814493,0.13411030660993667,
ext2_at_exit,base,IS,1890,0.4767195767195767,0.9072514199038461,-0.06351931781737026,-0.06351931781737026,-3.408885449735139,69.94711520532773,-70.23775965621809,8326.721399999513,8.223541328362233,-6.442793499999413,-4.341721227690432,-1.2644501647950601,-1.746180224704819,-0.5279624743559368,86.13485280151947,-6442.793499999413,93557.20650000058,10,191.52380952380952,968,922,0.9728385919968574,0.8422666902577731,-0.12717427420814106,-0.002155282533647644,0.9262397815288109
ext2_at_exit,base,OOS,1675,0.47761194029850745,0.9794995183713406,-0.03828448406635058,-0.03828448406635058,-0.8204113432830396,82.07230737500056,-76.60803988571377,6376.997099999722,6.0955413162181245,-1.3741889999990913,-1.0324223365225316,-0.23482704237736224,-0.36066579550218314,-0.16937336373647624,88.10179869881362,-1374.1889999990913,98625.8110000009,13,198.7044776119403,830,845,0.9431401475343305,1.0155588499038029,-0.09719132471094634,0.021709890850702362,0.9262397815288109
ext2_at_exit,base,ALL,3565,0.47713884992987377,0.9427315454735892,-0.05166283912649846,-0.05166283912649846,-2.1927019635339424,75.64973350970061,-73.22810042918414,11578.853199999106,11.329681220917207,-7.816982499998505,-2.6079893122618936,-0.687174148703301,-1.0067898554771375,-0.23019088193293058,80.30152253955617,-7816.982499998505,92183.0175000015,13,194.89761570827488,1798,1767,0.9582505528335514,0.9273479746196478,-0.09371056394579867,-0.008627699257902232,
ext2_base,base,E1,530,0.4056603773584906,0.86685304195101,-0.16946572183808514,-0.16946572183808514,-5.138692264150621,82.4715674418608,-64.9361711111108,3399.4008999999114,3.322900899999906,-2.7235068999998293,-6.461019441355509,-1.9044264811049036,-2.5805062316872083,-1.9443912520399547,91.06192549588776,-2723.5068999998293,97276.49310000017,10,238.37735849056602,285,245,0.9182490698177865,0.808084206212982,-0.30825681375929215,-0.04093518535806981,
ext2_base,base,E2,515,0.4446601941747573,0.8392430688471185,-0.041200092779869094,-0.041200092779869094,-6.0589128155336525,71.13519170305717,-67.86817832167806,3774.723899999871,3.611614325828214,-3.120340099999831,-7.3346235180771995,-2.538507338122853,-3.2652089599353142,-2.030843511064883,92.59397560368434,-3120.340099999831,96879.65990000017,13,246.18446601941747,243,272,0.9071314901260558,0.7804509738877802,-0.18662929883650897,0.12449168786641905,
ext2_base,base,E3,425,0.4423529411764706,0.9734174778252142,0.06022816076144329,0.06022816076144329,-1.142603999999735,94.58663510638326,-77.07972194092801,2463.1403999999625,2.3483284924031564,-0.4856066999998874,-1.4468079169573045,-0.32473982009102154,-0.4613079155171422,-0.6161011637161192,91.13122171945702,-485.60669999988744,99514.39330000011,9,223.96470588235294,224,201,1.065186043148967,0.8822197060807613,-0.10838161165529565,0.23364880338270105,
ext2_base,base,C,420,0.44047619047619047,0.9175246785244516,-0.0678918180700658,-0.0678918180700658,-3.1451902380948664,79.43615567567592,-68.15603702127612,3511.708799999939,3.4044781920836025,-1.3209798999998439,-3.966707059610497,-0.9788299834274639,-1.4795096785383368,-1.1651439180413137,91.28510378510379,-1320.9798999998438,98679.02010000015,11,234.36904761904762,216,204,0.982014190120933,0.8553386538325979,-0.199407034704713,0.06608483303224463,
ext2_base,base,B,105,0.44761904761904764,0.7575661893578782,-0.2751562290864227,-0.2751562290864227,-15.777196190475856,110.14091063829827,-117.8142827586204,2869.7628999999793,2.8357255961020336,-1.6566055999999647,-18.40327280691969,-2.7949836797436425,-4.261239835982496,-6.489793241002122,87.24053724053724,-1656.6055999999649,98343.39440000003,6,181.33333333333334,50,55,0.515899298286852,1.1934139212876678,-0.5208774249946235,-0.029617894200582442,
ext2_base,base,A,315,0.4,0.7959691105239669,-0.060955246750915223,-0.060955246750915223,-7.805926666666199,76.13156666666718,-63.76425555555512,3056.7129999999092,2.8924489168959964,-2.458866899999853,-9.411227234011854,-3.1779057626053184,-4.133367013254658,-3.2537228847973645,93.01994301994301,-2458.8668999998526,97541.13310000015,9,237.3968253968254,180,135,0.6965805809693132,0.9479003997657983,-0.22909885461587223,0.11923442604978408,
ext2_base,base,D1,420,0.42857142857142855,0.9723125082428974,-0.08187043314959835,-0.08187043314959835,-1.074866190475663,88.07516111111161,-67.93738666666613,2835.3965999998345,2.6431350341539033,-0.4514437999997784,-1.3677531184683067,-0.3769342294412611,-0.5650509216985484,-0.5174737956232114,94.13919413919415,-451.44379999977843,99548.55620000022,9,236.66666666666666,200,220,1.0256244697835144,0.9295826186728421,-0.22254823662673504,0.06930034851055925,
ext2_base,base,D2,415,0.4578313253012048,1.033164503754302,-0.00813166375869095,-0.00813166375869095,1.3950867469886175,94.9274210526323,-77.5877733333327,1914.6975999999136,1.7622768147206762,0.5789610000002763,1.7578811583192522,0.4755892712708724,0.75903060631717,0.9975056946986386,93.97590361445783,578.9610000002763,100578.96100000027,12,242.04819277108433,201,214,1.0572165136938,1.0124858724615342,-0.14307027750470946,0.1334397979547705,
ext2_base,base,D3,420,0.4976190476190476,1.1279958484250998,0.07523590848913383,0.07523590848913383,5.274746428572,93.41491196172308,-82.02996729857766,1562.5072999999136,1.5351232228460991,2.21539350000024,6.780122015689916,1.6816575757706291,2.6730213087055725,4.416663050096822,93.77289377289377,2215.39350000024,102215.39350000024,8,253.83333333333334,199,221,1.1417738579018297,1.1158287465091645,-0.062162731476213096,0.21665491132659842,
ext2_base,base,IS,1890,0.43227513227513226,0.89682456094728,-0.060292315143720604,-0.060292315143720604,-4.047848465608144,81.39451909424757,-69.10508452935663,9112.839199999502,9.030404199999568,-7.650433599999392,-5.166488913145473,-1.3835638251607236,-1.9300908245084112,-0.572121557210664,91.54456654456655,-7650.433599999392,92349.5664000006,13,236.37301587301587,968,922,0.9653952280009378,0.8289404070764561,-0.13474508731122173,0.014491914783081514,0.920139536572446
ext2_base,base,OOS,1675,0.448955223880597,0.9746614782883745,-0.03239011796887434,-0.03239011796887434,-1.0582458507457193,90.66842526595802,-75.79113499458235,7031.726899999641,6.86533686303151,-1.7725617999990797,-1.3323889265766553,-0.31103377556008965,-0.47172324448514935,-0.19407480698453528,93.36394948335247,-1772.5617999990798,98227.43820000092,12,238.9731343283582,830,845,0.9276766552997955,1.0220378853374914,-0.10384566407113545,0.03913072005759921,0.920139536572446
ext2_base,base,ALL,3565,0.44011220196353434,0.9346101998826815,-0.04718258715834403,-0.04718258715834403,-2.64319646563772,85.83937405991122,-72.19688041082122,13909.43749999904,13.796097499999101,-9.422995399998472,-3.162144675811762,-0.8018461659057523,-1.1687045083824303,-0.2292057355938495,85.22738580953329,-9422.995399998472,90577.00460000153,13,237.59467040673212,1798,1767,0.9469983396451471,0.922236279221193,-0.09932292344978454,0.004510076291685865,
ext2_base,stress,E1,530,0.39245283018867927,0.7906508226457742,-0.2078147588135367,-0.2078147588135367,-8.50202207547202,81.81788173076886,-66.84531397515556,4745.07800000017,4.656166700000176,-4.50607170000017,-10.553390957475873,-3.164859958740789,-4.0174436009793615,-2.2665406196636977,91.06192549588776,-4506.0717000001705,95493.92829999982,10,237.8679245283019,285,245,0.8407783151739692,0.7335445574476699,-0.3344010457607238,-0.08735681483757111,
ext2_base,stress,E2,515,0.43106796116504853,0.773366379439181,-0.08794466101668011,-0.08794466101668011,-8.934835145631364,70.7296891891889,-69.2949866894201,5032.769900000145,4.929973318578315,-4.601440100000152,-10.702397656189188,-3.72328519752011,-4.5214751058855205,-2.1708834844719807,92.59397560368434,-4601.440100000153,95398.55989999985,13,246.0,243,272,0.835659315425043,0.7197295018171509,-0.22616748674905776,0.06920193257069708,
ext2_base,stress,E3,425,0.43529411764705883,0.9270943753768938,0.02615738377012213,0.02615738377012213,-3.2252962352945804,94.22143675675622,-78.3404862500004,2746.1758000000546,2.6392544469627897,-1.3707509000001967,-4.048000301641508,-0.9516777057939904,-1.3054817025680505,-1.5337665931755387,91.11613876319758,-1370.7509000001967,98629.2490999998,10,223.90588235294118,224,201,1.0142826817590214,0.8401490660126764,-0.13841122259261096,0.19537605125277335,
ext2_base,stress,C,420,0.430952380952381,0.867804275912924,-0.09816136323940802,-0.09816136323940802,-5.204356428571722,79.27607237569023,-69.1832585774061,3912.544700000052,3.800612824749787,-2.185829700000123,-6.5056419697810846,-1.63120982877019,-2.3701003393661795,-1.711734993739959,91.28510378510379,-2185.829700000123,97814.17029999988,11,234.3452380952381,216,204,0.9273934730542489,0.8101813849201789,-0.22726445334914233,0.03329451054828252,
ext2_base,stress,B,105,0.44761904761904764,0.7231968296537975,-0.28942985301693425,-0.28942985301693425,-18.482196190476262,107.87739999999982,-120.87704137931033,3053.767900000007,3.0218686709784235,-1.9406306000000075,-21.226572117350283,-3.275300968765407,-4.836292834644089,-7.024319859167647,87.24053724053724,-1940.6306000000077,98059.3694,6,181.23809523809524,50,55,0.49460720288702026,1.131072778544568,-0.5294504475768707,-0.04915710208481023,
ext2_base,stress,A,315,0.39365079365079364,0.7483930125261713,-0.09793541496947684,-0.09793541496947684,-9.976939365079451,75.38643870967728,-65.39609581151838,3617.402200000027,3.487475068093373,-3.142735900000027,-11.906611240817966,-4.050571344772523,-5.039076280292382,-3.414106483441441,93.01994301994301,-3142.735900000027,96857.26409999997,9,237.38095238095238,180,135,0.6525207283148216,0.8949865987580183,-0.26130216996042066,0.07582027348983258,
ext2_base,stress,D1,420,0.41904761904761906,0.9246982847739129,-0.10925404195550169,-0.10925404195550169,-3.014771904762157,88.34587272727246,-68.91425327868876,3466.2246000000932,3.2521105962135657,-1.266204200000106,-3.8043615685920074,-1.0882770326543962,-1.5645556705749981,-1.1698130970765348,94.13919413919415,-1266.2042000001059,98733.79579999989,9,237.35714285714286,200,220,0.969324622162781,0.8886981818656863,-0.24666879543343534,0.03725136494349195,
ext2_base,stress,D2,415,0.4530120481927711,0.9893252376330065,-0.03444876963034853,-0.03444876963034853,-0.4599915662652386,94.1067962765955,-78.77962202643185,2124.057600000029,1.9703203098575492,-0.19089650000007405,-0.575129699929422,-0.13095933433921778,-0.2023956824568893,-0.2918965495366603,93.97590361445783,-190.89650000007404,99809.10349999992,12,241.78313253012047,201,214,1.0053764086927364,0.975536980726518,-0.1676040735222223,0.1032370485995313,
ext2_base,stress,D3,420,0.4928571428571429,1.0877823728828904,0.054355433985131374,0.054355433985131374,3.696876904761795,92.94983768115928,-83.0419159624414,1796.3025000000184,1.768625891504627,1.5526882999999538,4.72084496563181,1.1817633019865728,1.8270037372940946,2.66921624765746,93.77289377289377,1552.6882999999539,101552.68829999995,8,253.82142857142858,199,221,1.0987445595087573,1.0780696317591616,-0.08128143687641436,0.19354648593953916,
ext2_base,stress,IS,1890,0.4211640211640212,0.8358811129434732,-0.09817153812328791,-0.09817153812328791,-6.700577989418329,81.03020766331619,-70.53394670932389,13681.004100000573,13.596049100000702,-12.664092400000643,-8.62988576020557,-2.281203902839198,-3.0374484328547355,-0.6347348186764877,91.5411748745082,-12664.092400000642,87335.90759999937,13,236.16137566137567,968,922,0.9003206159914033,0.7721373239533128,-0.16915340713913155,-0.026463197894694906,0.8982011037446341
ext2_base,stress,OOS,1675,0.44298507462686565,0.930616884636028,-0.05886175822466476,-0.05886175822466476,-2.9777784477613496,90.16135296495936,-77.04984222936775,8866.167400000166,8.646853481649575,-4.987778900000261,-3.7646560080134117,-0.9081893264584362,-1.332077080546773,-0.43537872082634405,93.36394948335247,-4987.77890000026,95012.22109999973,12,239.0686567164179,830,845,0.8820745568468499,0.9796528192148029,-0.12899387092976727,0.010792183430256392,0.8982011037446341
ext2_base,stress,ALL,3565,0.4314165497896213,0.8815721099024009,-0.07970200619335979,-0.07970200619335979,-4.951436549789874,85.43548062418697,-73.53312308830806,20842.796800000768,20.682926800000903,-17.651871300000902,-6.110812846728919,-1.4947448193731283,-2.098865817977045,-0.2954520366396429,85.22572726971174,-17651.8713000009,82348.1286999991,13,237.5273492286115,1798,1767,0.8914727642345713,0.8716787807508666,-0.13052939171029282,-0.030101525504455596,
ext2_base,zero,E1,530,0.42452830188679247,1.0215273761968604,-0.11152760335679279,-0.11152760335679279,0.7568837735848648,84.60216088888882,-61.09618950819675,2038.472900000007,1.9764079000000057,0.40114839999997837,0.9730905004645907,0.29803586357521056,0.45497170830998607,0.4923530716835264,91.06192549588776,401.1483999999783,100401.14839999998,9,237.93396226415095,285,245,1.077147922489091,0.9574856275067026,-0.28726160160052316,0.039308338752764176,
ext2_base,zero,E2,515,0.4621359223300971,0.9708750362262669,0.038732152667416274,0.038732152667416274,-1.0129677669902866,73.06743109243705,-64.6632743682311,1881.680600000007,1.7279710380851798,-0.5216783999999977,-1.2489884070252755,-0.4159675803873183,-0.5940797276609763,-0.7228063315281716,92.59397560368434,-521.6783999999976,99478.3216,13,245.83495145631068,243,272,1.0457871880492766,0.905513683703713,-0.12089265692782362,0.22371297416063216,
ext2_base,zero,E3,425,0.45647058823529413,1.068979835697403,0.11952589583344496,0.11952589583344496,2.8141510588235104,95.53927989690725,-75.05890086580094,1999.3232000000037,1.8742121127963578,1.1960141999999918,3.6235531382465602,0.8783091197491447,1.32461206703863,1.9333740901077383,91.11613876319758,1196.014199999992,101196.01419999999,9,223.28235294117647,224,201,1.1744840893275548,0.9647324714929988,-0.05425235909303955,0.3015270270713049,
ext2_base,zero,C,420,0.45476190476190476,1.0221967515160801,-0.006039307181238766,-0.006039307181238766,0.7971064285714389,80.71928586387439,-65.86287729257644,2815.8041999999978,2.717366524729777,0.3347847000000043,1.0224910761456485,0.27388760926011624,0.44623503384193014,0.37628014728242376,91.28510378510379,334.7847000000043,100334.7847,9,234.29761904761904,216,204,1.0921797536352458,0.9547641525627474,-0.14093759509055806,0.13050362021177442,
ext2_base,zero,B,105,0.44761904761904764,0.8300870280296173,-0.25085602328105167,-0.25085602328105167,-10.554602857142763,115.19415106382995,-112.45445517241374,2539.3281999999926,2.501223086585966,-1.1082332999999902,-12.687856293901245,-1.8545932261368598,-3.0289228147475575,-5.0726607962104975,87.24053724053724,-1108.23329999999,98891.76670000001,6,183.95238095238096,50,55,0.5560292424426228,1.3344443493170823,-0.5120246623350964,0.007171828310621747,
ext2_base,zero,A,315,0.4126984126984127,0.8939747852474572,0.005076433031665271,0.005076433031665271,-3.8006288888888147,77.64952000000008,-61.03586864864858,2228.252999999985,2.0622514343771967,-1.1971980999999767,-4.669165124883257,-1.5572868496978833,-2.1952596457372113,-2.2641104993549694,93.01994301994301,-1197.1980999999766,98802.80190000002,9,238.17460317460316,180,135,0.7837107398810199,1.06239747855785,-0.1731401144765991,0.1980326803111032,
ext2_base,zero,D1,420,0.44047619047619047,1.0648362169995562,-0.028512226758812896,-0.028512226758812896,2.39015666666665,89.11874810810814,-65.88554297872345,2212.597199999999,2.0003081834934506,1.003865799999993,3.0869702778014263,0.8882894291457692,1.4416213820815358,1.5432473372228912,94.13919413919415,1003.8657999999931,101003.8658,9,236.70238095238096,200,220,1.1333550243396062,1.010357834678296,-0.17507200404645723,0.12677205880992426,
ext2_base,zero,D2,415,0.46265060240963857,1.1116169148672357,0.03322876447194823,0.03322876447194823,4.491211566265059,96.67974895833329,-74.88187892376679,1551.0370999999993,1.3829434833535503,1.8638527999999992,5.7327260471383035,1.5049763682316726,2.538304479883984,4.145307538697681,93.97590361445783,1863.8527999999992,101863.8528,12,240.7710843373494,201,214,1.1514144406639277,1.0777560085269557,-0.10510763024826102,0.1804052844798195,
ext2_base,zero,D3,420,0.5071428571428571,1.211567689599225,0.11556891280731653,0.11556891280731653,8.351268333333351,94.30190469483576,-80.09069082125606,1355.2170999999994,1.2654028286719525,3.5075327000000076,10.872497037902917,2.656564986153365,4.446648939318521,8.592123228706281,93.77289377289377,3507.5327000000075,103507.53270000001,8,253.73809523809524,199,221,1.2334650948940413,1.1921998179418798,-0.025549793032338803,0.2616360567120242,
ext2_base,zero,IS,1890,0.4486772486772487,1.0204483794137371,0.0048145108770968415,0.0048145108770968415,0.7461740211640089,82.99238054245285,-66.18739904030714,3791.482899999999,3.612230339133028,1.4102688999999768,0.9377682060382142,0.27988104449129525,0.4253364613609281,0.2596091937656689,91.5411748745082,1410.2688999999768,101410.26889999998,13,235.984126984127,968,922,1.0971928796218144,0.9443509869134332,-0.07894777359963163,0.08820644480676737,0.9616603630505881
ext2_base,zero,OOS,1675,0.45791044776119405,1.0611317868781251,0.01529130707862339,0.01529130707862339,2.429743223880617,92.1047569752282,-73.31996552863436,4610.493399999959,4.373366262762507,4.0698199000000335,3.037094153541986,0.7841693801579165,1.267013545828518,0.694452275676439,93.36394948335247,4069.8199000000336,104069.81990000003,12,238.95223880597015,830,845,1.0162233347264986,1.1062519557960577,-0.05942777030514104,0.08945951220030826,0.9616603630505881
ext2_base,zero,ALL,3565,0.453015427769986,1.0404309877886122,0.009736988755794446,0.009736988755794446,1.537191809256665,87.3200540557276,-69.50861461538463,5033.850099999958,4.70717722713044,5.4800888000000105,1.7472510881504366,0.5062417064979531,0.7926208084137393,0.3711887196598257,85.22572726971174,5480.08880000001,105480.08880000001,13,237.37868162692848,1798,1767,1.0572893934090828,1.0236062389066687,-0.047066718590653096,0.06464002138007603,
ext2_n12,base,E1,530,0.41320754716981134,0.8807785379509776,-0.14579717761764835,-0.14579717761764835,-4.567336037735563,81.6595534246579,-65.28659260450138,4047.108799999915,3.9706087999999,-2.420688099999848,-5.755125723393617,-1.646783573097011,-2.221089997179523,-1.4494315640950983,91.09820996613449,-2420.6880999998484,97579.31190000015,10,235.06603773584905,276,254,0.8910718001816457,0.8693334877721189,-0.2895430008013137,-0.012583422900298225,
ext2_n12,base,E2,515,0.43106796116504853,0.8257761875807784,-0.06719183090668959,-0.06719183090668959,-6.550730873786085,72.02758513513555,-66.08788498293491,4878.803799999888,4.625485349022766,-3.3736263999998335,-7.915717379026277,-2.5416282561483894,-3.3098053646193732,-1.7113268731244915,92.64376400298731,-3373.6263999998337,96626.37360000017,12,239.7378640776699,253,262,0.9369967603057178,0.7266888982391795,-0.21277002666733913,0.09745542989737797,
ext2_n12,base,E3,425,0.4447058823529412,1.0419234667786528,0.0807705039631258,0.0807705039631258,1.7093341176473822,95.52844708994745,-73.42546398305055,1421.0713999999873,1.368573026997678,0.7264670000001375,2.1907245418794963,0.5413333048320252,0.8342712175832757,1.6007363134179418,91.6892911010558,726.4670000001374,100726.46700000014,9,224.18823529411765,217,208,1.0192432716795934,1.0653440425009777,-0.08686325458432585,0.25904454344841293,
ext2_n12,base,C,420,0.4380952380952381,0.8951265535403061,-0.07988612255881959,-0.07988612255881959,-3.9853833333329893,77.64624673913063,-67.630383050847,3651.465499999948,3.5366788154162214,-1.6738609999998555,-5.008176216323923,-1.231400033301276,-1.8546108942610682,-1.4160675813968493,91.45299145299145,-1673.8609999998555,98326.13900000014,10,230.89285714285714,205,215,0.9153020279695111,0.877204557455139,-0.21677196724295905,0.05663680247858245,
ext2_n12,base,B,105,0.4380952380952381,0.5243694823310934,-0.40069748415241385,-0.40069748415241385,-32.792584761904415,82.52296304347868,-122.69962203389801,3961.570699999971,3.901201204128185,-3.4432213999999637,-34.72750686045919,-9.288426999808495,-8.75963700907498,-8.901747191021865,79.42612942612942,-3443.2213999999635,96556.77860000003,6,164.33333333333334,56,49,0.5626277496169358,0.4659055629408975,-0.6453734812098034,-0.15229879854166373,
ext2_n12,base,A,315,0.37142857142857144,0.680035229224183,-0.16530147808166545,-0.16530147808166545,-12.624548888888434,72.23868119658165,-62.77100303030257,4704.469199999857,4.555950670734482,-3.9767328999998566,-14.87978666637575,-5.367123862742507,-6.294158484349382,-3.2660113644243918,93.06064306064306,-3976.7328999998567,96023.26710000014,9,227.9047619047619,174,141,0.6246211423583902,0.7550749878353558,-0.31717162666181753,-0.005183547431552716,
ext2_n12,base,D1,420,0.44285714285714284,0.9972966315303694,-0.052647870661875214,-0.052647870661875214,-0.10201761904708037,84.98272204301132,-67.73347735042684,3053.244599999841,2.818331772935335,-0.04284739999977375,-0.13035967968573203,-0.018487881756468615,-0.027733423016429674,-0.04625419935920477,94.23076923076923,-42.84739999977376,99957.15260000022,9,238.07142857142858,203,217,0.999385830798346,0.9954546493885471,-0.19670965267261006,0.10225672041528097,
ext2_n12,base,D2,415,0.4457831325301205,0.994911303302469,-0.01692073883394529,-0.01692073883394529,-0.22020048192706773,96.5767156756764,-78.0785895652168,2046.328199999919,1.8905007903925377,-0.09138319999973311,-0.27559453007699464,-0.05739817378800616,-0.0923699282494009,-0.1457785849535514,94.02224281742355,-91.38319999973311,99908.61680000027,12,236.32530120481928,209,206,0.9410422307619338,1.048955451958449,-0.1541696561549172,0.12988498028698398,
ext2_n12,base,D3,420,0.4714285714285714,1.0196881313426849,0.026817480391579152,0.026817480391579152,0.8749700000005742,96.12583585858648,-84.07850495495444,2540.430699999837,2.312311259133594,0.36748740000024116,1.1042386432023044,0.31429001585938504,0.48919093942016195,0.4775475787874918,94.27655677655677,367.48740000024117,100367.48740000025,8,248.67857142857142,194,226,0.9966154266484823,1.0404562446227523,-0.11280280398983912,0.17185848472685528,
ext2_n12,base,IS,1890,0.4306878306878307,0.9075934741093438,-0.058783600182367474,-0.058783600182367474,-3.567041534391217,81.34564127764162,-67.8039595724904,7804.565399999484,7.7221303999995285,-6.7417084999994,-4.5455353748745875,-1.1901787192967777,-1.6949138013406277,-0.588637479480386,91.73110839777506,-6741.7084999994,93258.2915000006,12,232.96560846560845,951,939,0.9389404948994526,0.876848287816154,-0.1336126167196933,0.016796406447373805,1.008011646571095
ext2_n12,base,OOS,1675,0.43701492537313436,0.9003799481847864,-0.06687407281274013,-0.06687407281274013,-4.290565671641245,88.73548661202246,-76.50166882290512,9801.415299999151,9.53189422765626,-7.186697499999085,-5.439955140020336,-1.4220877722450407,-2.0065335127643382,-0.5707108167688862,93.04247990815155,-7186.697499999085,92813.30250000092,12,233.76417910447762,836,839,0.8596726642731538,0.9427375916909125,-0.1376928130456988,0.0045690115021615125,1.008011646571095
ext2_n12,base,ALL,3565,0.4336605890603086,0.9040069944607285,-0.06258487413913442,-0.06258487413913442,-3.906986255259042,84.84458486416605,-71.86633689945477,16465.20879999856,16.24567069999853,-13.928405999998485,-4.753031197450075,-1.2493268026170126,-1.7705156311250096,-0.2925721741639454,85.1792881547086,-13928.405999998486,86071.59400000151,12,233.34081346423562,1787,1778,0.898946596917338,0.9091182986963047,-0.11567044686062652,-0.010500885731421378,
ext2_n3,base,E1,530,0.42452830188679247,0.8937635352064696,-0.15403975456232283,-0.15403975456232283,-4.046662641509098,80.19353777777815,-66.19107278688493,3356.8916999999055,3.2803916999999494,-2.1447311999998218,-5.109136427962124,-1.3901787722697685,-1.987862842102176,-1.5574775500017888,90.91678761490083,-2144.731199999822,97855.26880000018,9,245.39622641509433,290,240,0.8953675717850952,0.8917729992501526,-0.2884165114070283,-0.027321692384587013,
ext2_n3,base,E2,515,0.44854368932038835,0.8279484640074533,-0.0007669726777848943,-0.0007669726777848943,-6.73578155339772,72.26499783549824,-70.99345774647858,4117.523699999867,3.9883329302938697,-3.4689274999998254,-8.13380642050362,-2.759566554464641,-3.5250517057242647,-2.039400060792894,94.1125217824247,-3468.9274999998256,96531.07250000017,9,252.81553398058253,239,276,0.934304355189959,0.7449208110120074,-0.1443596004303035,0.16567289276113487,
ext2_n3,base,E3,425,0.4329411764705882,0.933378156832928,0.044286884839768656,0.044286884839768656,-2.955307294117395,95.63453315217416,-78.2272186721989,3267.6747999999743,3.1502740868780466,-1.256005599999893,-3.71340702462285,-0.9076612639291118,-1.266683344908855,-1.178756807253833,91.32730015082956,-1256.0055999998929,98743.99440000011,8,230.75294117647059,209,216,1.0177157727017847,0.8578146543796309,-0.11687782084031391,0.21558664063397567,
ext2_n3,base,C,420,0.44761904761904764,0.8973073163115834,-0.07212696533290575,-0.07212696533290575,-3.8688233333329767,75.52175000000024,-68.202563793103,3433.987199999939,3.3332029065948867,-1.6249057999998502,-4.864148528436873,-1.27947151772026,-1.8803714542981982,-1.4593016581177654,91.23931623931624,-1624.9057999998502,98375.09420000015,10,241.86904761904762,211,209,0.9925542698329958,0.8126645980976116,-0.19931676359192288,0.05849561014967072,
ext2_n3,base,B,105,0.41904761904761906,0.7106145917362524,-0.25586708688392656,-0.25586708688392656,-20.738378095237803,121.52591590909127,-123.3552459016391,3578.238999999985,3.5321952124238973,-2.1775296999999694,-23.512534680872,-3.374651625061583,-5.151731345436284,-6.656635114098635,87.17948717948718,-2177.529699999969,97822.47030000003,6,183.61904761904762,51,54,0.5003083134715749,1.037315325565346,-0.5176359841490753,0.0148113531861352,
ext2_n3,base,A,315,0.3968253968253968,0.7513175861765599,-0.13170532583144054,-0.13170532583144054,-10.193806666666132,77.60959440000067,-67.95920210526272,4101.9542999998985,3.948894299999869,-3.211049099999832,-12.153024025158333,-3.4725513785640745,-4.320404004184747,-3.0775764307387856,91.6971916971917,-3211.049099999832,96788.95090000017,9,238.87301587301587,173,142,0.6162335333982044,0.9432360495953765,-0.32030726681998983,0.05998545904199902,
ext2_n3,base,D1,420,0.4452380952380952,0.9638214019112417,-0.07713754288337304,-0.07713754288337304,-1.4052378571423216,84.08186898395775,-70.01506180257458,3803.141999999877,3.539062852642903,-0.5901998999997751,-1.7856087878355464,-0.4819034423521034,-0.7316541348173295,-0.5045428301738379,94.1086691086691,-590.1998999997751,99409.80010000023,8,244.89285714285714,202,218,0.9318248288382283,0.9923546353578258,-0.21026370083663484,0.06694695430904743,
ext2_n3,base,D2,415,0.472289156626506,1.0427612141080314,-0.0027442190883441605,-0.0027442190883441605,1.8094532530127247,93.42739387755178,-80.18651187214552,1952.5109999999024,1.8059696399204166,0.7509231000002808,2.2839562260887236,0.6251593618565986,1.0022788880358309,1.2646703331011535,93.89867160951498,750.9231000002808,100750.92310000028,7,249.6987951807229,200,215,1.0970859514245603,0.9985549120858626,-0.1308991759581867,0.1301841562661477,
ext2_n3,base,D3,420,0.48333333333333334,0.9704750031170426,-0.006546281911107585,-0.006546281911107585,-1.330951190475563,90.51277389162621,-87.24927465437725,3358.17059999987,3.1248094491792227,-0.5589994999997365,-1.664252851624537,-0.37031336399443604,-0.5375241143918567,-0.532593388074168,94.56654456654456,-558.9994999997365,99441.00050000026,8,252.82142857142858,197,223,0.9590677001434974,0.9805001265797824,-0.13674299125600986,0.12829068684733252,
ext2_n3,base,IS,1890,0.4380952380952381,0.8867785776472374,-0.04947484668254447,-0.04947484668254447,-4.494481534391212,80.35217826086988,-70.64611459510324,9575.328199999498,9.49882039999956,-8.49457009999939,-5.745135553400649,-1.551067058957375,-2.1573978718633473,-0.6048262111999627,91.95156695156695,-8494.57009999939,91505.42990000061,10,243.34126984126985,949,941,0.9546905564062986,0.8228726383287578,-0.12211032671843568,0.023433904062270746,0.9628510420492933
ext2_n3,base,OOS,1675,0.4507462686567164,0.920992488889926,-0.062471211400036274,-0.062471211400036274,-3.454838865671064,89.34769721854367,-79.61344184782556,9103.936599999117,8.799895305355646,-5.786855099999031,-4.372318629485228,-1.0055174254087902,-1.4713234965346376,-0.49686030092019623,93.28358208955224,-5786.855099999032,94213.14490000097,9,243.09850746268657,823,852,0.8546339562007598,0.987201461804822,-0.13123611669827634,0.006107166137952154,0.9628510420492933
ext2_n3,base,ALL,3565,0.44403927068723703,0.9036799543541524,-0.05558113305051046,-0.05558113305051046,-4.006009873772348,84.6425236891982,-74.80854702320845,16638.2316999985,16.41869359999866,-14.281425199998422,-4.880038816680443,-1.202051930835089,-1.7209122510520778,-0.2972245499898263,85.39158125186586,-14281.425199998423,85718.57480000157,10,243.22720897615707,1772,1793,0.9045197369737591,0.9028665162520986,-0.10648457459042177,-0.0036800674717574876,
ext2_notional10,base,E1,530,0.4056603773584906,0.86685304195101,-0.16946572183808514,-0.16946572183808514,-5.138692264150621,82.4715674418608,-64.9361711111108,3399.4008999999114,3.322900899999906,-2.7235068999998293,-6.461019441355509,-1.9044264811049036,-2.5805062316872083,-1.9443912520399547,91.06192549588776,-2723.5068999998293,97276.49310000017,10,238.37735849056602,285,245,0.9182490698177865,0.808084206212982,-0.30825681375929215,-0.04093518535806981,
ext2_notional10,base,E2,515,0.4446601941747573,0.8392430688471185,-0.041200092779869094,-0.041200092779869094,-6.0589128155336525,71.13519170305717,-67.86817832167806,3774.723899999871,3.611614325828214,-3.120340099999831,-7.3346235180771995,-2.538507338122853,-3.2652089599353142,-2.030843511064883,92.59397560368434,-3120.340099999831,96879.65990000017,13,246.18446601941747,243,272,0.9071314901260558,0.7804509738877802,-0.18662929883650897,0.12449168786641905,
ext2_notional10,base,E3,425,0.4423529411764706,0.9734174778252142,0.06022816076144329,0.06022816076144329,-1.142603999999735,94.58663510638326,-77.07972194092801,2463.1403999999625,2.3483284924031564,-0.4856066999998874,-1.4468079169573045,-0.32473982009102154,-0.4613079155171422,-0.6161011637161192,91.13122171945702,-485.60669999988744,99514.39330000011,9,223.96470588235294,224,201,1.065186043148967,0.8822197060807613,-0.10838161165529565,0.23364880338270105,
ext2_notional10,base,C,420,0.44047619047619047,0.9175246785244516,-0.0678918180700658,-0.0678918180700658,-3.1451902380948664,79.43615567567592,-68.15603702127612,3511.708799999939,3.4044781920836025,-1.3209798999998439,-3.966707059610497,-0.9788299834274639,-1.4795096785383368,-1.1651439180413137,91.28510378510379,-1320.9798999998438,98679.02010000015,11,234.36904761904762,216,204,0.982014190120933,0.8553386538325979,-0.199407034704713,0.06608483303224463,
ext2_notional10,base,B,105,0.44761904761904764,0.7575661893578782,-0.2751562290864227,-0.2751562290864227,-15.777196190475856,110.14091063829827,-117.8142827586204,2869.7628999999793,2.8357255961020336,-1.6566055999999647,-18.40327280691969,-2.7949836797436425,-4.261239835982496,-6.489793241002122,87.24053724053724,-1656.6055999999649,98343.39440000003,6,181.33333333333334,50,55,0.515899298286852,1.1934139212876678,-0.5208774249946235,-0.029617894200582442,
ext2_notional10,base,A,315,0.4,0.7959691105239669,-0.060955246750915223,-0.060955246750915223,-7.805926666666199,76.13156666666718,-63.76425555555512,3056.7129999999092,2.8924489168959964,-2.458866899999853,-9.411227234011854,-3.1779057626053184,-4.133367013254658,-3.2537228847973645,93.01994301994301,-2458.8668999998526,97541.13310000015,9,237.3968253968254,180,135,0.6965805809693132,0.9479003997657983,-0.22909885461587223,0.11923442604978408,
ext2_notional10,base,D1,420,0.42857142857142855,0.9723125082428974,-0.08187043314959835,-0.08187043314959835,-1.074866190475663,88.07516111111161,-67.93738666666613,2835.3965999998345,2.6431350341539033,-0.4514437999997784,-1.3677531184683067,-0.3769342294412611,-0.5650509216985484,-0.5174737956232114,94.13919413919415,-451.44379999977843,99548.55620000022,9,236.66666666666666,200,220,1.0256244697835144,0.9295826186728421,-0.22254823662673504,0.06930034851055925,
ext2_notional10,base,D2,415,0.4578313253012048,1.033164503754302,-0.00813166375869095,-0.00813166375869095,1.3950867469886175,94.9274210526323,-77.5877733333327,1914.6975999999136,1.7622768147206762,0.5789610000002763,1.7578811583192522,0.4755892712708724,0.75903060631717,0.9975056946986386,93.97590361445783,578.9610000002763,100578.96100000027,12,242.04819277108433,201,214,1.0572165136938,1.0124858724615342,-0.14307027750470946,0.1334397979547705,
ext2_notional10,base,D3,420,0.4976190476190476,1.1279958484250998,0.07523590848913383,0.07523590848913383,5.274746428572,93.41491196172308,-82.02996729857766,1562.5072999999136,1.5351232228460991,2.21539350000024,6.780122015689916,1.6816575757706291,2.6730213087055725,4.416663050096822,93.77289377289377,2215.39350000024,102215.39350000024,8,253.83333333333334,199,221,1.1417738579018297,1.1158287465091645,-0.062162731476213096,0.21665491132659842,
ext2_notional10,base,IS,1890,0.43227513227513226,0.89682456094728,-0.060292315143720604,-0.060292315143720604,-4.047848465608144,81.39451909424757,-69.10508452935663,9112.839199999502,9.030404199999568,-7.650433599999392,-5.166488913145473,-1.3835638251607236,-1.9300908245084112,-0.572121557210664,91.54456654456655,-7650.433599999392,92349.5664000006,13,236.37301587301587,968,922,0.9653952280009378,0.8289404070764561,-0.13474508731122173,0.014491914783081514,0.920139536572446
ext2_notional10,base,OOS,1675,0.448955223880597,0.9746614782883745,-0.03239011796887434,-0.03239011796887434,-1.0582458507457193,90.66842526595802,-75.79113499458235,7031.726899999641,6.86533686303151,-1.7725617999990797,-1.3323889265766553,-0.31103377556008965,-0.47172324448514935,-0.19407480698453528,93.36394948335247,-1772.5617999990798,98227.43820000092,12,238.9731343283582,830,845,0.9276766552997955,1.0220378853374914,-0.10384566407113545,0.03913072005759921,0.920139536572446
ext2_notional10,base,ALL,3565,0.44011220196353434,0.9346101998826815,-0.04718258715834403,-0.04718258715834403,-2.64319646563772,85.83937405991122,-72.19688041082122,13909.43749999904,13.796097499999101,-9.422995399998472,-3.162144675811762,-0.8018461659057523,-1.1687045083824303,-0.2292057355938495,85.22738580953329,-9422.995399998472,90577.00460000153,13,237.59467040673212,1798,1767,0.9469983396451471,0.922236279221193,-0.09932292344978454,0.004510076291685865,
ext2_regime,base,E1,530,0.39622641509433965,0.7330507486696769,-0.20877395805546495,-0.20877395805546495,-9.54254528301857,66.13420523809549,-59.205412812499674,5210.1889999998375,5.05754899999981,-5.057548999999843,-11.797755200204818,-3.159716306975055,-4.266522761067025,-2.3327021053489077,89.35655539429125,-5057.548999999843,94942.45100000016,18,232.97169811320754,249,281,0.6369398343069765,0.8224724762605046,-0.31091931410182333,-0.10418597025960888,
ext2_regime,base,E2,515,0.4893203883495146,1.034506726164534,0.11320122470196316,0.11320122470196316,1.1228619417478642,68.79590873015903,-63.71975323193888,2261.8987999999854,2.034958377010564,0.5782739000001501,1.3952104861245207,0.39319857230249644,0.6225159530886396,0.6856211418801308,91.22479462285287,578.2739000001501,100578.27390000015,13,253.04854368932038,466,49,1.1199505553866098,0.5357751001066912,-0.03653219224457297,0.27812805160563403,
ext2_regime,base,E3,425,0.4329411764705882,0.8593563920586937,0.02396999207944375,0.02396999207944375,-5.141448941176236,72.56211739130468,-64.46699336099569,4558.162699999959,4.420275135911681,-2.1851157999999002,-6.400436947743115,-1.375644967091444,-1.9688554946097734,-1.4479725245480735,91.10105580693816,-2185.1157999999004,97814.8842000001,13,231.61176470588236,251,174,1.1061715115090942,0.5785156394374567,-0.130740574861518,0.1887587963203931,
ext2_regime,base,C,420,0.45714285714285713,0.9682292903886064,-0.043370914280501105,-0.043370914280501105,-1.0431826190473272,69.5440062500002,-60.485025877192605,2470.755999999953,2.436261260464363,-0.43813669999987737,-1.3276169710833452,-0.3141546627754878,-0.4724724161645795,-0.5449403118737336,91.13247863247864,-438.1366999998774,99561.86330000013,9,237.13095238095238,357,63,1.0122454038477056,0.6759915231900837,-0.1690262421425381,0.08732803279775714,
ext2_regime,base,B,105,0.45714285714285713,0.8627007195554555,-0.05852634654017486,-0.05852634654017486,-8.083637142856889,111.10836875000037,-108.4558526315788,1694.7924999999816,1.6805746602334921,-0.8487818999999732,-9.857664201347237,-1.1665359348154396,-1.642039084911359,-5.865650860151405,86.81318681318682,-848.7818999999732,99151.21810000003,10,222.76190476190476,0,105,0.0,0.8627007195554555,-0.3172478889028328,0.2046171787310383,
ext2_regime,base,A,315,0.38412698412698415,0.6596707704934077,-0.08532037255567354,-0.08532037255567354,-13.061940952380485,65.91145371900882,-62.318542783504746,4114.511399999851,4.1145113999998575,-4.114511399999853,-15.36364091207859,-4.863215537439287,-5.505814682477242,-3.734013451045274,89.21448921448922,-4114.511399999853,95885.48860000014,13,237.61904761904762,286,29,0.7223951870840952,0.17919722724059275,-0.24278603539677934,0.08816264622718138,
ext2_regime,base,D1,420,0.4452380952380952,0.8378089350500013,-0.12052547883634578,-0.12052547883634578,-6.354295476189839,73.72132834224665,-70.62099785407663,3768.502899999833,3.7183777664969897,-2.6688040999997327,-7.903694989789289,-2.061375236415173,-2.870991836383024,-2.1255761211253166,91.08669108669109,-2668.8040999997324,97331.19590000027,8,242.03571428571428,400,20,0.8862086539244509,0.2550219369192559,-0.2410744636659115,0.003285676177767841,
ext2_regime,base,D2,415,0.4578313253012048,1.105329124901704,0.057185734704113915,0.057185734704113915,2.837316144578715,65.03473315789516,-49.68494711111072,2009.9983999999556,1.8558250839457036,1.1774862000001667,3.5967640392851052,1.059372738601934,1.8375448523849105,1.9380943120124012,93.58974358974359,1177.4862000001667,101177.48620000016,12,244.89156626506025,139,276,1.1847783552041768,1.0820720782404794,-0.08034320939960758,0.20686643192595888,
ext2_regime,base,D3,420,0.49047619047619045,1.0145289718950075,0.026453226157156128,0.026453226157156128,0.5740754761910629,81.72983737864139,-77.54782616822374,1739.1522999998272,1.718768468654653,0.24111170000024643,0.7235893637745461,0.18953218303647346,0.28214345050325496,0.420992924277304,92.94871794871794,241.11170000024643,100241.11170000024,8,254.23809523809524,328,92,1.0356171198851016,0.9345886598557908,-0.10498308759249098,0.15916207912930738,
ext2_regime,base,IS,1890,0.4433862433862434,0.8907826991887358,-0.03194714519149856,-0.03194714519149856,-3.7579511111108306,69.12724451074013,-61.81669058935333,8736.321299999543,8.712011299999475,-7.102527599999471,-4.791849062414311,-1.1409438081594219,-1.6618024135704415,-0.5500278750114339,90.65255731922399,-7102.52759999947,92897.47240000052,18,239.06084656084656,1323,567,0.9868548715577705,0.6940598298004556,-0.10086699207656728,0.040117520906937765,0.9891152842011045
ext2_regime,base,OOS,1675,0.448955223880597,0.9005853143885136,-0.029133999978989793,-0.029133999978989793,-3.709551940297997,74.85016196808566,-67.71486598049789,10030.33609999945,9.801734487253448,-6.213499499999145,-4.697290425685264,-1.0694606098038317,-1.516095438207332,-0.4792305312691137,91.5537696134711,-6213.499499999145,93786.50050000085,13,243.76417910447762,1153,522,0.9094567244281649,0.8829922098917145,-0.09637837151680236,0.03756974373137239,0.9891152842011045
ext2_regime,base,ALL,3565,0.44600280504908835,0.8955867608980795,-0.030625400947192197,-0.030625400947192197,-3.735210967741547,71.83393251572367,-64.57315432911355,16286.853099998896,16.14117519999889,-13.316027099998614,-4.533544218194652,-1.0584134094036677,-1.518858688308831,-0.2808682863559379,84.00670050087902,-13316.027099998615,86683.97290000139,18,241.27068723702664,2476,1089,0.949129023071904,0.7876624015877517,-0.07884104313469663,0.017860921642325694,
ext2_regime,stress,E1,530,0.3849056603773585,0.6678948436779493,-0.24815728438774973,-0.24815728438774973,-12.489477924528554,65.25630196078399,-61.14021134969346,6768.223300000137,6.619423300000082,-6.619423300000134,-15.266656976644166,-4.129794766806719,-5.272867147713851,-2.3063424538273565,89.35655539429125,-6619.423300000134,93380.57669999986,20,232.64150943396226,249,281,0.5797350211673994,0.7493746360160879,-0.34755795584915317,-0.14570714699801876,
ext2_regime,stress,E2,515,0.47766990291262135,0.9521133320801392,0.061743868891998774,0.061743868891998774,-1.6283955339808207,67.78070040650387,-65.10288475836458,3028.2572000000846,2.7919591196100524,-0.8386237000001227,-2.003338160091228,-0.5233542584798417,-0.7876599545093942,-0.7175385004817085,91.22479462285287,-838.6237000001227,99161.37629999987,13,253.04854368932038,466,49,1.0268956556101083,0.5059191308827414,-0.08106722934263783,0.21844176829446058,
ext2_regime,stress,E3,425,0.42823529411764705,0.8204356969022364,-0.008083665308974268,-0.008083665308974268,-6.748615058823912,72.00401978021938,-65.7320699588481,4788.088900000059,4.663737796309364,-2.8681614000001625,-8.343657357111011,-1.807430821384603,-2.530442763411298,-1.789049410906793,91.10105580693816,-2868.1614000001628,97131.83859999984,17,231.56470588235294,251,174,1.04926779532259,0.5577588861784997,-0.15933075619203838,0.15264370207732697,
ext2_regime,stress,C,420,0.4523809523809524,0.9117344529717978,-0.07661191898779918,-0.07661191898779918,-2.988137857143154,68.2297010526312,-61.820265652174136,2818.383700000042,2.78299298695511,-1.2550179000001247,-3.771184709490105,-0.9359653791929862,-1.3556893297157804,-1.355082361747588,91.13247863247864,-1255.0179000001247,98744.98209999988,9,237.11904761904762,357,63,0.9541253023714577,0.6295480525724249,-0.1984456126702487,0.05075970911070311,
ext2_regime,stress,B,105,0.44761904761904764,0.7068121233316137,-0.11825597822798178,-0.11825597822798178,-19.90981238095259,107.23007021276582,-122.93695862068992,2412.007900000019,2.404278682593926,-2.090530300000022,-22.680203515418295,-2.6393760019832087,-3.327144004987532,-9.433267316145356,87.24053724053724,-2090.530300000022,97909.46969999997,10,221.57142857142858,0,105,0.0,0.7068121233316137,-0.3737653440505931,0.13895290165446078,
ext2_regime,stress,A,315,0.38095238095238093,0.6206373964292466,-0.12229291155724675,-0.12229291155724675,-15.035401269841405,64.56954916666636,-64.02306307692311,4736.151400000043,4.7361514000000895,-4.736151400000042,-17.52119558784503,-5.58555356631458,-6.115926322476058,-3.6994585071424653,89.21448921448922,-4736.1514000000425,95263.84859999995,13,237.5873015873016,286,29,0.6791763268559994,0.16879189177543558,-0.2743580830417703,0.04478923020751508,
ext2_regime,stress,D1,420,0.44047619047619047,0.798346931581095,-0.14638393018303264,-0.14638393018303264,-8.12068309523824,72.98892216216201,-71.97292553191504,4242.651700000048,4.2059442444283475,-3.4106869000000613,-10.023751858875873,-2.6347827346536414,-3.555036677871911,-2.383234602349859,91.08669108669109,-3410.686900000061,96589.31309999994,8,243.03571428571428,400,20,0.843517307397458,0.2504242116355335,-0.26449412231580777,-0.024413636709465412,
ext2_regime,stress,D2,415,0.45542168674698796,1.0613917842634224,0.0321276713022342,0.0321276713022342,1.6946072289155334,64.33107566137558,-50.68721814159309,2129.5534000000202,1.9550717614704758,0.7032619999999464,2.137967262164353,0.6361958549393917,1.071579129925859,1.0935492518987209,93.58974358974359,703.2619999999464,100703.26199999994,12,244.59036144578315,139,276,1.125236910684668,1.0427079481533592,-0.10292337236625632,0.1787767361647171,
ext2_regime,stress,D3,420,0.4857142857142857,0.9758564094282469,0.006862703807031731,0.006862703807031731,-0.9759054761906087,81.21026715686257,-78.59617962962973,2178.40730000005,2.159178278198087,-0.40988030000005565,-1.222113685218773,-0.26510917149888513,-0.3839803053419059,-0.5660086976415266,92.94871794871794,-409.8803000000557,99590.11969999994,8,254.17857142857142,328,92,0.9958534045118885,0.9000945446885377,-0.12269457457023618,0.13773562639289885,
ext2_regime,stress,IS,1890,0.43492063492063493,0.8287711167874745,-0.0716073185065173,-0.0716073185065173,-6.127632962963251,68.19308114355199,-63.329530898876676,12780.926500000462,12.757056500000356,-11.581226300000544,-7.8763534504352695,-1.8611604608416075,-2.6054490447023944,-0.6174115047961926,90.65255731922399,-11581.226300000544,88418.77369999945,20,238.95502645502646,1323,567,0.9171660169014684,0.647438697800023,-0.13833876717126264,-0.001833481420161772,0.9785675870141726
ext2_regime,stress,OOS,1675,0.44477611940298506,0.8469227141645265,-0.05743586647281433,-0.05743586647281433,-5.936708597015065,73.84775516778508,-69.85006935483882,12470.97850000017,12.26133017004164,-9.943986900000235,-7.554763636057727,-1.6702014319751173,-2.2512213340190916,-0.6161455185764784,91.58055874473784,-9943.986900000235,90056.01309999976,13,243.84477611940298,1153,522,0.866005847160618,0.8103100838504752,-0.12291234525674957,0.007578344754261721,0.9785675870141726
ext2_regime,stress,ALL,3565,0.4395511921458626,0.8376637948073743,-0.06494892238970033,-0.06494892238970033,-6.0379279663396295,70.88148710912547,-66.36461636636656,23730.727200000743,23.560496300000814,-21.52521320000078,-7.567992186527039,-1.6805267667700572,-2.302882929939216,-0.32121531270658243,84.01831027962982,-21525.21320000078,78474.78679999922,20,241.25245441795232,2476,1089,0.892388758935582,0.729042918443241,-0.1119196644253871,-0.017468496645640774,
ext2_regime,zero,E1,530,0.40943396226415096,0.8640985796301967,-0.1432436275937729,-0.1432436275937729,-4.429140754717006,68.7820179723501,-55.185758785942454,2590.4550000000017,2.4866643999999942,-2.347444600000013,-5.583921851560536,-1.4554250684361338,-2.186544047016557,-2.245547027399656,89.36865021770681,-2347.444600000013,97652.55539999998,18,233.10377358490567,249,281,0.7529631317106303,0.9685561788101902,-0.25181281153356805,-0.031815453312379165,
ext2_regime,zero,E2,515,0.5009708737864078,1.1937572535114336,0.20023309227012545,0.20023309227012545,5.825107572815556,71.63900193798453,-60.24487198443579,2064.3237999999915,1.8036091587185643,2.999930400000011,7.361022502335124,1.9581533517005645,3.3999807378149027,4.081273632234721,91.22479462285287,2999.930400000011,102999.93040000001,13,252.81553398058253,466,49,1.3011781722794515,0.5910486551570309,0.037266095213520305,0.3819410802773241,
ext2_regime,zero,E3,425,0.4470588235294118,0.9395161005629578,0.07997607733419697,0.07997607733419697,-2.1084051764706158,73.25779578947365,-63.04278042553193,4172.809000000008,4.0011603784349425,-0.8960722000000116,-2.6588139920575182,-0.5543068875126377,-0.8301470812104589,-0.6645107270350197,91.13122171945702,-896.0722000000117,99103.92779999999,13,230.49411764705883,251,174,1.2234221766558586,0.6220779663429512,-0.08317988598932424,0.248175986407485,
ext2_regime,zero,C,420,0.47619047619047616,1.0725080759407997,0.017906881268184145,0.017906881268184145,2.2547940476190935,70.03906900000011,-59.367274090909106,1891.8663999999912,1.8560187389955505,0.9470135000000193,2.9104587904036805,0.7396710832994797,1.1887812335902626,1.5681192917151134,91.13247863247864,947.0135000000192,100947.01350000002,9,236.95238095238096,357,63,1.1235416149420516,0.7361759491852401,-0.11206687001495974,0.15336197004979918,
ext2_regime,zero,B,105,0.4666666666666667,0.9472382420286863,-0.025446383369747704,-0.025446383369747704,-2.969834285714199,114.25241836734699,-105.53930535714275,1552.4033999999892,1.5333807264547554,-0.3118325999999909,-3.731106596830991,-0.40223221701249373,-0.5900226941462229,-2.4332551808300575,86.81318681318682,-311.8325999999909,99688.1674,10,225.38095238095238,0,105,0.0,0.9472382420286863,-0.3026031189909171,0.250072766647077,
ext2_regime,zero,A,315,0.4,0.7384645070879754,-0.01740354779039717,-0.01740354779039717,-9.475196190476156,66.88476587301597,-60.38183756613757,2984.6867999999877,2.984686800000083,-2.984686799999989,-11.3345298648034,-3.536212025349252,-4.254427717163501,-3.7975608914151677,89.21448921448922,-2984.686799999989,97015.3132,10,238.38095238095238,286,29,0.8052659896522242,0.2334675093300281,-0.18653052913355472,0.17099738657336827,
ext2_regime,zero,D1,420,0.45476190476190476,0.9143004638636288,-0.07605191242433332,-0.07605191242433332,-3.2049559523809865,75.18798691099475,-68.58946288209611,2937.919200000012,2.879734514593591,-1.3460815000000141,-4.041042253823635,-1.031266584675577,-1.5227113034421997,-1.4032690282194074,91.08669108669109,-1346.0815000000143,98653.91849999999,8,242.03571428571428,400,20,0.9673953640454162,0.28228170302594546,-0.20217246611523293,0.05451679961458652,
ext2_regime,zero,D2,415,0.4650602409638554,1.1888668686030475,0.09838794800569259,0.09838794800569259,4.86686168674698,65.87448549222793,-48.17129774774772,1859.7302999999997,1.6925583716046146,2.0197475999999965,6.221937345973005,1.8108913446298833,3.3349531400526757,3.676054811672081,93.58974358974359,2019.7475999999967,102019.7476,12,243.6144578313253,139,276,1.3024295782920987,1.1561477187043574,-0.043054621082646155,0.2529309822859664,
ext2_regime,zero,D3,420,0.4976190476190476,1.090167354754554,0.061418652870143024,0.061418652870143024,3.4219916666666546,83.14302009569377,-75.54338720379148,1312.191300000011,1.1450687406101878,1.437236499999995,4.364819957548249,1.0222220445149006,1.5992191051638225,3.811840986264554,92.94871794871794,1437.236499999995,101437.2365,8,254.23809523809524,328,92,1.114383401817925,0.9981862799195343,-0.07311135767941684,0.19715406985485737,
ext2_regime,zero,IS,1890,0.4576719576719577,1.0116015953924395,0.03635536661062753,0.03635536661062753,0.37218365079365384,70.90792531791908,-59.1531007804878,5483.6879999999965,5.256697819750452,0.7034271000000057,0.46829622966158,0.1360191878489139,0.21361141253150015,0.08908562860549042,90.66273232939899,703.4271000000058,100703.4271,18,238.74338624338625,1323,567,1.1238864362603846,0.7828249183456812,-0.03662058517931601,0.11257478505958758,1.032111594255079
ext2_regime,zero,OOS,1675,0.45850746268656717,0.9801281189196965,0.01583942782197247,0.01583942782197247,-0.7078309253731359,76.14247578125,-65.78063748621831,6897.901399999978,6.662380058410427,-1.1856168000000025,-0.8905369856821777,-0.1870447340310066,-0.278596412621676,-0.13366649423699348,91.5537696134711,-1185.6168000000025,98814.3832,12,243.75522388059701,1153,522,0.9932164610800015,0.9543365751284453,-0.05375649701574474,0.08467063374100245,1.032111594255079
ext2_regime,zero,ALL,3565,0.45806451612903226,0.9959916053511682,0.02671604053180643,0.02671604053180643,-0.13525657784011125,73.3697347213717,-62.264475414078674,8747.223699999973,8.280257229886805,-0.4821896999999966,-0.15680650644879224,-0.019751794059981884,-0.03016737272532345,-0.018937395553705022,84.01167612034365,-482.1896999999966,99517.8103,18,241.09817671809256,2476,1089,1.0594406925055198,0.8688448719683682,-0.0247662637707196,0.07762206923430684,
ext2_stop_atr2,base,E1,530,0.35094339622641507,0.793023409661197,-0.19828185952244282,-0.19828185952244282,-7.975808113207239,87.07678817204331,-59.37052587209271,4445.583199999848,4.326807199999879,-4.227178299999837,-9.920193880317896,-3.1763319382440507,-4.170653269102518,-2.2927284304043343,87.68746976294146,-4227.178299999837,95772.82170000016,14,186.5943396226415,285,245,0.7677027869601785,0.824215666020078,-0.3227670329279629,-0.07032591942873154,
ext2_stop_atr2,base,E2,515,0.39029126213592236,0.784751864428743,-0.12276340715914258,-0.12276340715914258,-7.818750097087028,73.03675373134362,-59.576572611464606,4883.778899999871,4.718923597282896,-4.026656299999819,-9.404076065646317,-3.229905188340974,-4.065453899524549,-1.992843467747831,90.44062733383122,-4026.656299999819,95973.34370000019,12,202.92233009708738,242,273,0.8346112506917587,0.738321859002898,-0.25111933196521474,0.009754160342400372,
ext2_stop_atr2,base,E3,425,0.4047058823529412,0.9777711977843287,0.07484090118802464,0.07484090118802464,-0.8744035294114509,95.03718488372118,-66.07911976284551,2134.791499999949,2.056163316417594,-0.37162149999986666,-1.108463138667326,-0.2844255897114488,-0.43027066233947503,-0.5390929454954851,87.9788838612368,-371.62149999986667,99628.37850000014,9,180.95294117647057,224,201,1.0048650143794038,0.9475520372990086,-0.09863298319029928,0.2488655031125949,
ext2_stop_atr2,base,C,420,0.4,0.9073157614366221,-0.037832300259804746,-0.037832300259804746,-3.2842333333330207,80.37603571428593,-59.05774603174566,3445.7718999999415,3.3281335834839876,-1.3793779999998685,-4.1395859738423635,-1.1809464849739169,-1.8465839529417085,-1.2438160518511772,87.72893772893772,-1379.3779999998687,98620.62200000013,11,190.47619047619048,215,205,0.9189517151532944,0.8944523445683992,-0.19112691872935894,0.12144386812865686,
ext2_stop_atr2,base,B,105,0.41904761904761906,0.8143964484062863,-0.2320521043269565,-0.2320521043269565,-12.068398095237866,126.3676295454548,-111.92389344262274,2813.981699999985,2.782855720356257,-1.267181799999976,-14.381193200990893,-1.9730019436732915,-3.1640976023570837,-5.167782539279411,79.05982905982906,-1267.181799999976,98732.81820000002,7,156.14285714285714,51,54,0.6078928241439019,1.1627029094163719,-0.46616418339186544,0.014103472715726378,
ext2_stop_atr2,base,A,315,0.326984126984127,0.7512675277130773,-0.19608013609594566,-0.19608013609594566,-9.241095873015368,85.36089029126262,-55.20338160377307,3690.3274999998453,3.5443811132700755,-2.9109451999998406,-11.06666276122773,-3.9731509443283577,-5.408814196305935,-3.122311740064977,91.20879120879121,-2910.945199999841,97089.05480000016,9,188.9047619047619,181,134,0.7723864555294253,0.7253007812467346,-0.3687019632845895,-0.019141002125421094,
ext2_stop_atr2,base,D1,420,0.4119047619047619,0.9874556002803085,-0.03245068199053875,-0.03245068199053875,-0.46229428571378894,88.34651156069414,-62.6644133603234,2862.4050999998353,2.5837902750278685,-0.19416359999979138,-0.5898136698574419,-0.1625114944890926,-0.24836520604429524,-0.22827459161757244,91.54456654456655,-194.16359999979136,99805.8364000002,10,192.91666666666666,200,220,1.0892333362703062,0.90896335437173,-0.19298918009390992,0.1398983579551512,
ext2_stop_atr2,base,D2,415,0.4072289156626506,1.0610618606536233,0.0009019955822001502,0.0009019955822001502,2.36478602409706,100.9076082840244,-65.33333170731643,1953.7501999999206,1.7499090867107372,0.98138620000028,2.9918482577826255,0.8485802696529203,1.372807013859742,1.7097163964136743,91.01019462465246,981.3862000002799,100981.38620000028,10,201.59036144578315,200,215,1.0339183654854436,1.0846741242434847,-0.15536702481671838,0.16174830871342302,
ext2_stop_atr2,base,D3,420,0.4523809523809524,1.1219760100323977,0.0814503333470765,0.0814503333470765,4.755373571429168,96.69176263157958,-71.192078260869,1323.6343999999049,1.0740611450136657,1.9972569000002502,6.099338959383749,1.7018563212022322,2.8434366554493113,5.678763250770182,93.08608058608058,1997.2569000002504,101997.25690000025,7,203.60714285714286,201,219,1.1150815707054198,1.1281533667181336,-0.07438238017237273,0.23650938007473843,
ext2_stop_atr2,base,IS,1890,0.38465608465608464,0.8585510789783928,-0.08063212875029664,-0.08063212875029664,-5.293563015872694,83.52990357634141,-60.817776440240415,11337.984699999504,11.244749699999403,-10.004834099999393,-6.784868538485345,-1.9698755069327045,-2.7620143181628416,-0.6033810195424542,88.51241351241352,-10004.834099999392,89995.1659000006,14,190.63756613756613,966,924,0.8726796497864698,0.8431215992627376,-0.1537921987603069,-0.006989079660673333,0.8769417501526572
ext2_stop_atr2,base,OOS,1675,0.4053731343283582,0.9790286285593507,-0.03891136244071307,-0.03891136244071307,-0.8320283582084045,95.81902002945566,-66.72164869477858,7404.151399999526,7.1213651007559005,-1.3936474999990778,-1.047067144667857,-0.25371248823568066,-0.3977843198414252,-0.14703180216904138,90.95292766934558,-1393.6474999990776,98606.35250000092,10,194.6865671641791,833,842,0.9570514356195534,1.000311999702528,-0.11712776843776349,0.037478717689622805,0.8769417501526572
ext2_stop_atr2,base,ALL,3565,0.39438990182328193,0.9169121104332538,-0.06102980516865499,-0.06102980516865499,-3.197330042075307,89.46469025604594,-63.541378462250606,16290.494899998946,16.087360399998854,-11.398481599998469,-3.8529645153573155,-1.0285837583207194,-1.5330660549412614,-0.23950259206958463,82.69977112150463,-11398.48159999847,88601.51840000153,14,192.53997194950912,1799,1766,0.912303738659392,0.9216601056808768,-0.1142008363286858,-0.008592879844332492,
ext2_stop_pd,base,E1,530,0.4377358490566038,0.8961769950774202,-0.17501159516211842,-0.17501159516211842,-4.025319999999648,79.37586896551757,-68.95510469798622,4442.6746999998995,4.316378099999973,-2.1334195999998133,-5.082601793094144,-1.393115977222823,-1.8959194103050765,-1.1775154250491113,93.66231253023706,-2133.4195999998133,97866.58040000018,9,270.33962264150944,285,245,0.9297321476256183,0.8580521208281413,-0.26645552626677765,-0.08630458255952815,
ext2_stop_pd,base,E2,515,0.458252427184466,0.7637275839779772,-0.13742288755569368,-0.13742288755569368,-9.848002718446258,69.46544788135633,-76.9375164874549,5720.126899999868,5.534785079393901,-5.071721399999824,-11.756539152524825,-3.507926096339234,-4.20050686381095,-2.124118458780743,94.33656957928802,-5071.721399999823,94928.27860000018,11,287.88349514563106,242,273,0.8553402058122389,0.6840451664861649,-0.25434569879074104,-0.015879379681800754,
ext2_stop_pd,base,E3,425,0.4752941176470588,0.9663369753073044,-0.018829366362447347,-0.018829366362447347,-1.5043964705879016,90.86054306930727,-85.17129237668128,2789.8989999999667,2.6354951308801384,-0.6393684999998582,-1.9019997865273641,-0.37001427298401435,-0.4731016582511035,-0.7216859421372487,93.77073906485671,-639.3684999998582,99360.63150000015,9,267.21176470588233,221,204,1.069183649031531,0.8698829630869289,-0.15259900246902744,0.1330084178483842,
ext2_stop_pd,base,C,420,0.4666666666666667,0.9220739503589493,-0.07102262354788696,-0.07102262354788696,-3.034280476190163,76.93643061224512,-73.00865267857104,3321.008499999938,3.2485261663577543,-1.2743977999998686,-3.828657662362067,-0.9020231459889314,-1.4073236111514762,-1.1785829838811968,93.57448107448107,-1274.3977999998685,98725.60220000012,10,272.95238095238096,215,205,0.9330843902952398,0.9101469539895343,-0.17386595786577894,0.03379111520269542,
ext2_stop_pd,base,B,105,0.4095238095238095,0.5839663368187263,0.05936388083538949,0.05936388083538949,-23.734099999999636,81.34913720930273,-96.61440967741902,2659.911999999969,2.6105293109962857,-2.492080499999962,-26.45372824689326,-5.695307911303229,-6.794598941141193,-10.133472983989375,79.05982905982906,-2492.080499999962,97507.91950000003,7,185.0,51,54,0.5272163672026332,0.6392041988911815,-0.45173027882005,0.8811363525222583,
ext2_stop_pd,base,A,315,0.4031746031746032,0.7024760242088314,-0.26315926219576374,-0.26315926219576374,-13.358487619047171,78.23005984252022,-75.2294744680847,4877.2108999998645,4.728693045747834,-4.207923599999859,-15.690515920369863,-4.336345981205181,-5.377588335482834,-3.3181506535889853,93.81359381359381,-4207.923599999859,95792.07640000014,9,282.3809523809524,180,135,0.616907930481197,0.8423740654006368,-0.4403929963270731,-0.11302817443443175,
ext2_stop_pd,base,D1,420,0.45714285714285713,0.9016820726751262,-0.04025082943899012,-0.04025082943899012,-4.189942142856621,84.05756562500054,-78.50363289473634,4348.120699999841,4.130413091132574,-1.7597756999997807,-5.260585814578144,-1.4898650743956992,-2.0159452146582915,-1.273622201583637,94.13919413919415,-1759.7756999997807,98240.22430000022,9,278.6190476190476,200,220,0.9652738995099133,0.8522124409452178,-0.15960740450556926,0.09564142065477793,
ext2_stop_pd,base,D2,415,0.4891566265060241,1.0927814890968819,0.02956660894006136,0.02956660894006136,3.8144301204825934,91.84461822660167,-80.47862735848992,1980.7815999999698,1.746886669005472,1.5829885000002764,4.855156421664564,1.24646774080102,1.954098524645872,2.779319636361227,94.05313561940068,1582.9885000002762,101582.98850000028,11,282.5903614457831,203,212,1.041635087834465,1.1400058379936875,-0.08730126163867107,0.1589346973023894,
ext2_stop_pd,base,D3,420,0.5166666666666667,1.043761461099676,0.092752189071111,0.092752189071111,1.9724211904767908,91.05392258064582,-93.2526320197039,2542.1282999998266,2.487986612152975,0.828416900000252,2.500697079942027,0.5913708830843186,0.8760511550219154,1.0051087364083737,94.21550671550672,828.4169000002521,100828.41690000026,10,276.54761904761904,199,221,1.1010864909194398,0.9970501999242841,-0.10841731681895261,0.3451736181700635,
ext2_stop_pd,base,IS,1890,0.4582010582010582,0.8821257607032754,-0.10654016673082416,-0.10654016673082416,-4.82481867724834,78.80186766743681,-75.5481686523434,10502.981299999434,10.403842699999528,-9.118907299999362,-6.174257864268117,-1.4821189538944448,-1.96971411415137,-0.5934593632666513,93.85090218423552,-9118.907299999362,90881.09270000063,11,274.9973544973545,963,927,0.9444308027172623,0.8200469960673146,-0.16346774039950276,-0.04916670834561346,0.9606162673823708
ext2_stop_pd,base,OOS,1675,0.46686567164179105,0.9182915079160819,-0.02527835602885579,-0.02527835602885579,-3.6109697910442224,86.92511739130494,-82.89341119820777,10762.712599999642,10.609702752749271,-6.048374399999073,-4.571472142814004,-1.067722535355353,-1.49198050103754,-0.43087655227941307,93.13050133945656,-6048.374399999073,93951.62560000093,11,273.9223880597015,833,842,0.894336396128655,0.9412825988783339,-0.1118556824566998,0.06907945902316694,0.9606162673823708
ext2_stop_pd,base,ALL,3565,0.4622720897615708,0.8998099707155703,-0.06835965258614056,-0.06835965258614056,-4.254496970546546,82.65646796116552,-78.96981789254001,19794.636499999007,19.648391199998965,-15.167281699998435,-5.2003111744496895,-1.2198983167716422,-1.6634659521879838,-0.264668548254982,86.25402195906723,-15167.281699998435,84832.71830000156,11,274.492286115007,1796,1769,0.9201726707957296,0.8798892037137921,-0.11926997675542822,-0.012854498774035772,
ext2_uncapped,base,E1,3677,0.4228991025292358,0.8703542757582845,-0.09051273751998176,-0.09051273751998176,-4.017888278487522,63.782121736334794,-53.70168449575835,16585.27659999874,16.23956792864337,-14.773775199998619,-32.06940311456798,-2.7193060101998503,-3.5190721018871916,-1.9747694800428728,93.83164005805516,-14773.77519999862,85226.22480000138,31,197.39053576285016,1808,1869,0.8233983751971674,0.9194111727993685,-0.1323942604649208,-0.048171143365657976,
ext2_uncapped,base,E2,3551,0.43537031822021965,0.9030427948999377,-0.04629698549019494,-0.04629698549019494,-2.8803368910162703,61.61872580853851,-52.61377875311686,13219.8372999989,12.353590334803036,-10.228076299998776,-22.83887565021262,-2.3687269955338803,-3.207688859262746,-1.8487642079137119,94.46104057754543,-10228.076299998776,89771.92370000122,29,200.7462686567164,1614,1937,1.0026376450084098,0.8269982382351339,-0.09460418245676025,0.0028982145682149275,
ext2_uncapped,base,E3,2993,0.43534914801202806,0.906331759873173,-0.059669679831131354,-0.059669679831131354,-3.054373438021745,67.88585211051453,-57.749707100591436,11444.161999999133,10.179038499999093,-9.141739699999084,-24.950257362247484,-2.498641825765584,-3.187294875884713,-2.451140877623138,93.99698340874811,-9141.739699999083,90858.26030000091,25,195.46441697293685,1416,1577,0.9530165675462487,0.8669406208135728,-0.10672773850450869,-0.012433075615758451,
ext2_uncapped,base,C,2919,0.4289140116478246,0.8533768793972276,-0.0729071504723456,-0.0729071504723456,-4.6292060294618285,62.81663817891405,-55.284393161367404,19934.97159999924,17.83218826908657,-13.512652399999078,-35.71651541652986,-3.313446260626975,-4.3644791060075745,-2.002923863160816,93.57448107448107,-13512.652399999077,86487.34760000093,28,196.62213086673518,1431,1488,0.8843908900919671,0.8243010286897817,-0.11738122495984014,-0.025435053755506684,
ext2_uncapped,base,B,795,0.4238993710691824,0.7509151976249453,-0.1362192080193058,-0.1362192080193058,-13.899434591194648,98.85030771513398,-96.86158122270719,14243.131699999794,13.800551699999792,-11.050050499999744,-75.96473201120818,-3.4314179485614433,-4.791890055898576,-5.504470666285706,92.97924297924298,-11050.050499999745,88949.94950000025,27,164.08805031446542,401,394,0.7548911540258748,0.7463851981214059,-0.22110701392291285,-0.048211142715994665,
ext2_uncapped,base,A,2231,0.4096817570596145,0.739530959159369,-0.15253199248470894,-0.15253199248470894,-8.483946391752074,58.79650875273574,-55.17668443431993,19640.082399998875,18.92768439999892,-18.927684399998878,-56.527538869569774,-8.143340634353098,-8.03132582996275,-2.986500497101114,93.81359381359381,-18927.684399998878,81072.31560000112,26,192.77005826983415,1127,1104,0.7146544471184453,0.7646064776907068,-0.20755305696848783,-0.09792359698400163,
ext2_uncapped,base,D1,2928,0.42896174863387976,0.9129428815739895,-0.043468485581552654,-0.043468485581552654,-2.812764275955738,68.76288495222983,-56.580118002391785,12519.148399998576,11.585918899998578,-8.2357737999984,-23.01835593850391,-1.8110261249464512,-2.78667640961436,-1.9867527243356358,94.13919413919415,-8235.7737999984,91764.2262000016,21,197.16017759562843,1387,1541,0.9436941801358478,0.8866335215694023,-0.09429696673584687,0.00747721531995841,
ext2_uncapped,base,D2,2821,0.44487770294221907,0.9646209551159783,-0.02821790493114542,-0.02821790493114542,-1.1995626019135648,73.51786151394487,-61.078468901659626,6427.253699998995,5.55733687225344,-3.383966099998166,-9.869951163597335,-0.8193473691626048,-1.2748041933118694,-1.7760217511513166,94.03768921841211,-3383.9660999981666,96616.03390000183,28,200.8170861396668,1390,1431,0.9608700447690651,0.9681876565301379,-0.07610016254828186,0.020264070521691557,
ext2_uncapped,base,D3,2892,0.44813278008298757,0.9479062185033003,-0.007812585585477618,-0.007812585585477618,-1.8969751037337637,77.02547878086489,-65.98438126566349,12061.458799998574,11.393654804670993,-5.486051999998044,-15.542474282748787,-1.3825357335917747,-1.8917706383509572,-1.3641342088384953,94.59706959706959,-5486.051999998044,94513.94800000195,26,198.5494467496542,1401,1491,1.0176320919838653,0.8865143340577586,-0.05458433653527571,0.039109005429146866,
ext2_uncapped,base,IS,13140,0.430441400304414,0.8835384974057197,-0.06762734058599758,-0.06762734058599758,-3.6268069710803315,63.92246211103288,-54.6768692276854,50892.654799995966,49.21950398241703,-47.65624359999555,-35.04398963196871,-2.706593204454556,-3.5401297353471937,-0.7119939616719355,93.98317731651065,-47656.243599995556,52343.756400004444,31,197.68797564687975,6269,6871,0.909834349697361,0.8600290693643324,-0.0907010107086882,-0.04459754662699414,0.9973527799868234
ext2_uncapped,base,OOS,11667,0.43353047055798405,0.8858836262705285,-0.05811824622572062,-0.05811824622572062,-4.035615565268984,72.2634802095696,-62.428840929035594,52107.79659999414,51.6167237999935,-47.08352679999324,-37.95694582187389,-2.2120519060083046,-3.121709350869043,-0.7353613911830388,94.09491006505932,-47083.52679999323,52916.47320000677,28,195.29570583697608,5706,5961,0.9017754021343137,0.8709834479877525,-0.08177891223770527,-0.03457935486313343,0.9973527799868234
ext2_uncapped,base,ALL,24807,0.43189422340468414,0.8847158995518541,-0.06315511081612007,-0.06315511081612007,-3.819074067802991,67.8601949411989,-58.31220456964406,100185.36099998899,99.27592903920119,-94.7397703999888,-61.562701225869596,0.005385398748757923,0.010403138163614777,-0.6201171001034931,86.73665704713571,-94739.77039998879,5260.229600011211,31,196.5628653202725,11975,12832,0.905738212776148,0.8654665761872952,-0.07941572923059369,-0.046518677995665836,
ext2_w0945,base,E1,530,0.42641509433962266,0.8716269946943109,-0.03184268458761666,-0.03184268458761666,-4.983493207546755,79.35207079646064,-67.68032697368383,3196.6864999998757,3.1463134999998728,-2.64125139999978,-6.269583520391874,-1.5914614388547632,-2.2235604828999045,-1.9926760382880244,90.20319303338171,-2641.25139999978,97358.74860000022,11,262.64150943396226,257,273,0.7240255793923146,1.0253971647890354,-0.13138413642190983,0.06850587982112695,
ext2_w0945,base,E2,515,0.4330097087378641,0.8144211900260293,-0.11926264366295455,-0.11926264366295455,-6.703259223300609,67.93742152466409,-63.706244863013374,4276.386199999847,4.198266199999823,-3.4521784999998135,-8.095499524101847,-2.7296071459165905,-3.511571992282354,-1.928295905605554,91.1376649240727,-3452.1784999998135,96547.82150000018,10,256.0,231,284,0.893028129468288,0.7562426822584006,-0.2189286242076848,-0.013632447980494022,
ext2_w0945,base,E3,425,0.4588235294117647,0.9474259783310026,-0.005978387015766637,-0.005978387015766637,-2.1355950588231485,83.87785487179524,-75.06004173913004,2155.2376999999797,2.0645949740712135,-0.9076278999998382,-2.6927907498038084,-0.6433910295429008,-0.9050451840317454,-1.304270708599975,90.5580693815988,-907.6278999998382,99092.37210000017,9,253.03529411764706,208,217,0.9442360115224506,0.9504581085758079,-0.11922174723210635,0.1119915530866515,
ext2_w0945,base,C,420,0.44285714285714284,0.8243765365838219,-0.0825025824769035,-0.0825025824769035,-6.770059047618686,71.7582580645164,-69.19000341880299,3900.541799999873,3.7532055509475475,-2.843424799999848,-8.405688856093363,-2.471804720027565,-3.1458190124477627,-2.2396025855741457,90.23199023199024,-2843.424799999848,97156.57520000015,8,247.51190476190476,200,220,0.8613547475880163,0.7925007672398755,-0.19637480434453441,0.035303817302569866,
ext2_w0945,base,B,105,0.5047619047619047,1.0271438987759605,-0.03187074136025243,-0.03187074136025243,1.6648676190476843,124.81080943396219,-123.84926538461517,1817.5495999999953,1.540243502522103,0.17481110000000685,2.1492374590091456,0.3054211394740128,0.5388695218584736,1.3953881029134894,87.05738705738706,174.81110000000686,100174.8111,7,221.1904761904762,57,48,0.796202572846504,1.5921645377500118,-0.2581949716523528,0.20133064578604323,
ext2_w0945,base,A,315,0.42857142857142855,0.7450296802333896,-0.11853785182922152,-0.11853785182922152,-9.845564444444063,67.12763555555588,-67.57546444444402,3453.4360999998885,3.3372406999999074,-3.10135279999988,-11.757086834195507,-3.722479827670329,-4.525753220356608,-3.5229963586971214,90.5982905982906,-3101.35279999988,96898.64720000012,7,257.46031746031747,162,153,0.7184378044150317,0.7693960080933256,-0.2491955165339728,0.015537487719157179,
ext2_w0945,base,D1,420,0.4523809523809524,0.8840404205129896,-0.035046079861803005,-0.035046079861803005,-4.539311428570805,76.49819000000062,-71.48333434782546,3952.496099999894,3.831235097838952,-1.9065107999997382,-5.690638151105487,-1.4677253385536229,-2.046636584097541,-1.4853273176358586,90.06410256410257,-1906.510799999738,98093.48920000026,8,252.57142857142858,192,228,0.9163067544058678,0.8589606528539211,-0.15292559686209603,0.0887278197182499,
ext2_w0945,base,D2,415,0.472289156626506,0.9294681187212944,-0.03492538839712335,-0.03492538839712335,-3.062796144577608,85.4592637755109,-82.28801872146049,2382.3779999997882,2.2784232999997913,-1.2710603999997074,-3.7878073511974253,-0.9040250597987102,-1.207065729974757,-1.6624686691001502,90.56224899598394,-1271.0603999997074,98728.93960000029,8,256.578313253012,221,194,1.0851403306418483,0.7965953370546357,-0.14849660331543607,0.08041356290290902,
ext2_w0945,base,D3,420,0.4857142857142857,0.9197765232910139,-0.0738719476195682,-0.0738719476195682,-3.6839533333326147,86.95890931372622,-89.29110138888818,2576.2952999997456,2.399486399999907,-1.5472603999996983,-4.561182655500717,-1.1140254475181919,-1.5371096962822228,-1.900899565632418,91.45299145299145,-1547.2603999996982,98452.7396000003,7,253.54761904761904,211,209,1.0700150290276425,0.7941588882182561,-0.1798252605967997,0.03316744989818928,
ext2_w0945,base,IS,1890,0.43915343915343913,0.864459526439551,-0.06110517642320566,-0.06110517642320566,-5.208720952380571,75.646783975904,-68.52010688679208,10088.847299999286,9.972477299999316,-9.84448259999928,-6.674200813509734,-1.7983558252098606,-2.4160238771675946,-0.6692620712719188,90.5440238773572,-9844.482599999279,90155.51740000072,11,255.3095238095238,896,994,0.8469658062385136,0.8801292388226387,-0.11418430926666401,-0.006344110255843988,0.9666875003679011
ext2_w0945,base,OOS,1675,0.4644776119402985,0.8942492026746552,-0.060254005311052766,-0.060254005311052766,-4.567984059700906,83.16387275064325,-80.66094347826026,9740.117099999065,9.463027653743108,-7.651373299999017,-5.795243546237572,-1.3382876277850115,-1.8641391808412486,-0.6124090257672722,90.44776119402985,-7651.373299999017,92348.62670000098,8,252.76119402985074,843,832,0.9466345916273892,0.8460802811272712,-0.11793554690406773,-0.0032533594283716697,0.9666875003679011
ext2_w0945,base,ALL,3565,0.4510518934081346,0.879325758518839,-0.06070525731721517,-0.06070525731721517,-4.907673464235146,79.28378339552286,-74.08491548288148,18524.890799998302,18.348081899998565,-17.495855899998297,-6.053097755569182,-1.4784010101183187,-2.0279356216015882,-0.32990357185890123,83.47430921816432,-17495.855899998296,82504.14410000171,11,254.11220196353437,1739,1826,0.897046705597783,0.8632435529738033,-0.09946123418168364,-0.021940316730252523,
orb15,base,E1,530,0.47358490566037736,0.8083754602999718,-0.048980155832511724,-0.048980155832511724,-8.12293773584878,72.35645298804815,-80.52554372759835,5194.2057999999015,4.998767799999944,-4.305156999999853,-10.097499917585772,-2.308861137727143,-2.760752480456592,-2.019997791772982,87.21577164973391,-4305.156999999853,95694.84300000015,15,284.08490566037733,286,244,0.7969246364849111,0.8207098602008536,-0.11313209505495281,0.015611463909724926,
orb15,base,E2,515,0.47572815533980584,0.8709419094729572,-0.032538170778002654,-0.032538170778002654,-5.203815145630726,73.818796326531,-76.90951814814785,3714.8998999998826,3.393198875601088,-2.679964799999824,-6.3192217236055175,-1.5911740100379512,-2.1345584128470665,-1.862319880229861,87.80184217077421,-2679.9647999998238,97320.03520000017,9,281.70873786407765,323,192,0.9376188084764809,0.7745111652351532,-0.09869385062823256,0.0338734887529182,
orb15,base,E3,422,0.495260663507109,0.9206669188346921,-0.03643114514045104,-0.03643114514045104,-3.4394225118479764,80.59348038277535,-85.89424272300421,2851.864499999924,2.5175995589405846,-1.451436299999846,-4.282811829867916,-0.9343246495679404,-1.3149998935284815,-1.7011489435079739,87.73755656108597,-1451.4362999998461,98548.56370000016,13,284.3483412322275,279,143,0.8773596545235522,0.9946041967296375,-0.10818817546615508,0.03754347712346942,
orb15,base,C,419,0.4630071599045346,0.8273418511869337,-0.06328015658416547,-0.06328015658416547,-7.41070787589472,76.69550309278374,-79.9289519999997,4239.369499999882,4.073447074884317,-3.105086599999888,-9.154461303641492,-2.1613941456108354,-2.707531640391573,-2.2473500048853516,87.33211233211233,-3105.0865999998878,96894.9134000001,12,275.1670644391408,251,168,0.8042595984010169,0.8573869726117567,-0.13545339332384018,0.010587865556417945,
orb15,base,B,101,0.5247524752475248,0.8570789526952087,-0.06528728682978618,-0.06528728682978618,-9.283766336633404,106.09486037735867,-136.68099999999967,1526.593999999986,1.51765208903262,-0.9376603999999737,-10.836528299952619,-1.5696465028526847,-2.2226009765472723,-7.140324438165552,86.6910866910867,-937.6603999999737,99062.33960000002,7,249.30693069306932,49,52,0.7424384986548659,0.9514629455295491,-0.2315103218585561,0.09887147711877199,
orb15,base,A,314,0.5,0.9132352584901636,-0.006393725993888134,-0.006393725993888134,-3.0475853503180304,64.1542254777074,-70.24939617834346,2225.7265999999718,2.119148057112897,-0.9569417999998615,-3.7455111564773325,-1.192694915962662,-1.5564849043708575,-1.7674608170512511,86.44688644688645,-956.9417999998615,99043.05820000015,8,271.5127388535032,223,91,1.0450478468634716,0.6803066023120345,-0.09101376974756567,0.07661104538747063,
orb15,base,D1,420,0.39285714285714285,0.5261125500319429,-0.16585796199881894,-0.16585796199881894,-25.128981904761375,71.01395393939444,-87.33911686274456,11123.989899999788,10.870161115712634,-10.554172399999779,-28.78671595045147,-6.804668777776375,-6.896243318185046,-2.648232684319716,87.01159951159951,-10554.172399999778,89445.82760000022,11,272.8809523809524,255,165,0.6032938814573912,0.41984571756353517,-0.23613812839421436,-0.09590938963910307,
orb15,base,D2,414,0.49516908212560384,0.8794502495168935,-0.04481484665890646,-0.04481484665890646,-5.54264009661768,81.65976390243968,-91.0760985645926,4305.54439999993,4.056309799999727,-2.294652999999719,-6.7674580279935,-1.380202300253163,-1.8211135451602836,-1.6683779991345722,87.90546802594996,-2294.652999999719,97705.34700000029,11,293.22463768115944,206,208,0.8392122228256729,0.9148564179298988,-0.11460346324044292,0.026117528590332503,
orb15,base,D3,420,0.5452380952380952,1.2535632523109117,0.059457508991749425,0.059457508991749425,10.079601428572095,91.39387816593953,-87.41238481675325,1784.4877999999467,1.4445595408901788,4.23343260000028,13.216681564294252,2.9539488820389126,4.654852403348357,9.149281279295526,88.43101343101343,4233.43260000028,104233.43260000028,9,299.82142857142856,266,154,1.3682276030535245,1.0821458759110993,-0.00929707110281276,0.1258668062935837,
orb15,base,IS,1886,0.4766702014846235,0.854843413611751,-0.04485947476136704,-0.04485947476136704,-6.119641940614745,75.60627341490576,-80.55895086119521,11767.65269999944,11.700207699999535,-11.541644699999411,-7.84886835605657,-1.765578791920345,-2.2702128818237974,-0.6708315405423856,87.51865418532086,-11541.64469999941,88458.35530000059,15,281.5137857900318,1139,747,0.8567442981889704,0.8522826847847189,-0.07956465068166356,-0.010016994787594585,0.992890814665324
orb15,base,OOS,1669,0.4847213900539245,0.8609641674446299,-0.043045645722975284,-0.043045645722975284,-6.2971809466740885,80.44745747836889,-87.89766058139476,16966.847699999355,16.83094350791421,-10.509994999999053,-7.990875286694498,-1.5968190757448575,-2.057922304863376,-0.4747728659975031,87.46268656716418,-10509.994999999053,89490.00500000095,11,283.02276812462554,999,670,0.9207910897614998,0.7868779925096594,-0.07928520269763963,-0.007760402523149814,0.992890814665324
orb15,base,ALL,3555,0.480450070323488,0.8578264503325592,-0.04400791901872968,-0.04400791901872968,-6.202992883262577,77.89931668618308,-83.97600032485066,28116.68909999885,28.046729099998892,-22.05163969999846,-7.769760985263019,-1.589323680877217,-2.0469474316291003,-0.27702913083234815,80.70123063654758,-22051.63969999846,77948.36030000154,15,282.22222222222223,2138,1417,0.8873708034524987,0.8196309925127818,-0.06816915931339591,-0.01818974958540264,
orb30_base,base,E1,528,0.4583333333333333,0.8336265826598653,-0.050467402390869026,-0.050467402390869026,-6.716962310605731,73.43093966942189,-74.53441783216755,5366.0632999999,5.177863709866356,-3.546556099999826,-8.363902930171363,-2.005395842043384,-2.492856012716204,-1.6153192511100762,86.52636671504597,-3546.556099999826,96453.44390000017,13,284.2140151515151,289,239,0.7998609706223351,0.8688963402911858,-0.11110680576537732,0.010668241148643605,
orb30_base,base,E2,513,0.45614035087719296,0.8159317438221123,-0.04307021498667163,-0.04307021498667163,-7.334074658869,71.27246282051321,-73.26213835125408,5073.305499999839,4.985268982279848,-3.7623802999997973,-8.8034546848212,-2.3196222953623447,-2.979879569246174,-1.7658936190029269,87.44087627582773,-3762.380299999797,96237.6197000002,10,287.09551656920075,334,179,0.9585448743665015,0.6250811958020979,-0.1053985913000903,0.020869621824852816,
orb30_base,base,E3,422,0.4976303317535545,0.9061633544156085,-0.010743444317892502,-0.010743444317892502,-3.9538582938384677,76.72701047619086,-83.87358679245243,3145.8162999999045,3.036140538135903,-1.6685281999998334,-4.912694314576827,-1.140139507210191,-1.4917327467830521,-1.6180721059747354,87.5867269984917,-1668.5281999998333,98331.47180000017,8,288.68483412322274,274,148,0.8797861172670612,0.9501058741883213,-0.0786613625516496,0.05971671296840632,
orb30_base,base,C,417,0.434052757793765,0.6899376979389702,-0.08781859444723976,-0.08781859444723976,-13.844876258992556,70.97533756906104,-78.89766737288113,6061.901399999892,5.967038979301138,-5.773313399999896,-16.55662367886802,-4.172911319008485,-4.793004941768571,-2.774679993930112,87.14896214896216,-5773.313399999896,94226.6866000001,12,282.6139088729017,254,163,0.7200590239351635,0.652535547056417,-0.15559100138674758,-0.020208189731613247,
orb30_base,base,B,99,0.5555555555555556,1.010345410945232,0.011667000977189854,0.011667000977189854,0.7261080808084149,127.64267636363658,-157.9196022727268,2946.195999999984,2.8563993701898003,0.07188470000003308,0.8787200832558906,0.1368551531072996,0.19259829056787997,0.3076320812931358,83.6996336996337,71.88470000003308,100071.88470000004,6,245.75757575757575,53,46,1.0834027219982978,0.9499202475088232,-0.17817234941884202,0.19740260222279807,
orb30_base,base,A,313,0.5111821086261981,0.9488328157558453,-0.016493038684602793,-0.016493038684602793,-1.8594121405745583,67.4525225000006,-74.34248104575119,1536.5966999999519,1.3460855376818732,-0.5819959999998368,-2.2906932917546863,-0.6648015898389948,-0.8913806268456127,-1.701744226224691,86.97598697598697,-581.9959999998367,99418.00400000016,8,271.5335463258786,225,88,1.0987110135820657,0.6875540332937092,-0.1019334104750958,0.06542616938930312,
orb30_base,base,D1,420,0.4357142857142857,0.6715089127559734,-0.08318962700030598,-0.08318962700030598,-15.420494761904225,72.3476950819677,-83.19086919831167,7609.884999999801,6.962699303223171,-6.476607799999774,-18.437878549435293,-4.500410720055753,-5.0692087662820935,-2.64809346870689,87.43894993894993,-6476.607799999774,93523.39220000022,9,284.0,266,154,0.6653373708616446,0.6814162862193356,-0.15162677674733765,-0.014808565297175811,
orb30_base,base,D2,411,0.5328467153284672,1.0120295951070708,0.009023763466420285,0.009023763466420285,0.4815291970809275,76.02606894977234,-85.6864614583327,4030.934099999954,3.794911293090358,0.1979085000002612,0.598599727709237,0.15487093258027934,0.21911770651911258,0.15773747565566196,87.64287920914427,197.9085000002612,100197.90850000027,8,294.54987834549877,208,203,1.0347641748475505,0.9907164348509718,-0.056721975314399424,0.07685071089335475,
orb30_base,base,D3,418,0.5119617224880383,1.1034808038871693,0.014625284394890253,0.014625284394890253,4.3650373205748485,90.91916915887919,-86.43194411764637,2028.752199999973,1.747930449497115,1.824585600000287,5.562503031532162,1.2216672167079807,2.001324216616113,3.1823365930449414,87.98840048840049,1824.5856000002868,101824.58560000028,11,298.49282296650716,257,161,1.1659974043272023,1.021637703008872,-0.05262592916227534,0.08071007862863984,
orb30_base,base,IS,1880,0.46117021276595743,0.8112698336946388,-0.04781696603042075,-0.04781696603042075,-7.846158510637953,73.13408535178813,-77.15501480750214,16105.7468999994,15.810820210492388,-14.750777999999354,-10.090795332995006,-2.392812765414348,-2.965536272225792,-0.6382208638549026,87.15235381902049,-14750.777999999353,85249.22200000065,13,285.6489361702128,1151,729,0.8435144639764143,0.769703671275232,-0.08064108710656617,-0.015503515212037642,0.8712370542503067
orb30_base,base,OOS,1661,0.5003010234798314,0.9311700297145082,-0.017534494695908807,-0.017534494695908807,-2.9886965683317452,80.8168354993989,-86.89519915662592,9181.972699999365,9.018316682388097,-4.964224999999029,-3.7467637247184493,-0.7508239753581263,-1.0265477792001396,-0.4154615386300991,87.30577879831611,-4964.224999999029,95035.77500000097,11,285.6291390728477,1009,652,0.971497715694186,0.8795830954558397,-0.05212739346241907,0.017417824445538178,0.8712370542503067
orb30_base,base,ALL,3541,0.47952555775204747,0.8688124443063181,-0.033612169394830714,-0.033612169394830714,-5.56763710816108,76.89401784452345,-81.54153298969028,24028.259199998764,23.64640391318404,-19.715002999998383,-6.8810721289374825,-1.4291057584338958,-1.8772448925411451,-0.29099867168812693,80.45410820313796,-19715.00299999838,80284.99700000162,13,285.639649816436,2160,1381,0.9048285568884123,0.8225559096328652,-0.05710009837408042,-0.009850675672141753,
orb30_base,stress,E1,528,0.44507575757575757,0.7691080954802267,-0.07440087627166235,-0.07440087627166235,-9.775589962121607,73.16236127659533,-76.29578976109254,6414.133700000116,6.253112880134035,-5.161511500000208,-12.031193297816545,-2.905588621459605,-3.478717491291444,-1.924032642372299,86.52636671504597,-5161.511500000209,94838.48849999979,13,285.5113636363636,289,239,0.7325031693923718,0.807488186086153,-0.13495115240934244,-0.014228975476390283,
orb30_base,stress,E2,513,0.4502923976608187,0.751297710977135,-0.06998924192899364,-0.06998924192899364,-10.356012085770391,69.4752658008654,-75.74971843971673,6210.438200000173,6.1636986476537095,-5.31263420000021,-12.293719187820463,-3.266576720793391,-3.9888483565338384,-1.994536055473806,87.44087627582773,-5312.6342000002105,94687.3657999998,10,287.87524366471735,334,179,0.8730815329986321,0.5837939746954366,-0.1320819945937412,-0.006900546131835354,
orb30_base,stress,E3,422,0.490521327014218,0.855695378762728,-0.02963379043515235,-0.02963379043515235,-6.258060663507498,75.65207101449236,-85.12037348837248,3726.6612000001287,3.5516724164113986,-2.6409016000001646,-7.700130718123344,-1.804955619626444,-2.295171695408667,-2.1680295408278494,87.5867269984917,-2640.9016000001643,97359.09839999984,8,288.68483412322274,274,148,0.8282246130715702,0.9014783541944137,-0.09680235702567068,0.04038686243115788,
orb30_base,stress,C,417,0.4196642685851319,0.6423918634468867,-0.10793797146926008,-0.10793797146926008,-16.47170287769815,70.50649828571392,-79.36916239669448,7141.958100000128,7.037423367184607,-6.868700100000128,-19.474221972306825,-4.908567653558302,-5.4421164591717215,-2.767237518082941,87.14896214896216,-6868.700100000128,93131.29989999987,13,282.99760191846525,254,163,0.6750128710669508,0.6017581775653759,-0.17536594815611284,-0.040839858303653845,
orb30_base,stress,B,99,0.5555555555555556,0.9919053764931719,0.004635022695296603,0.004635022695296603,-0.5779252525251637,127.47287090909109,-160.64142045454548,3037.5110000000077,2.946188920579061,-0.057214599999991206,-0.6943651731389444,-0.028140978782002952,-0.03928263948016706,-0.23568250097229676,83.6996336996337,-57.21459999999121,99942.78540000001,6,249.7979797979798,53,46,1.0867268567712673,0.9136659199077838,-0.18320773992465908,0.1910225652223519,
orb30_base,stress,A,313,0.5015974440894568,0.8903597609458422,-0.03678085075909604,-0.03678085075909604,-4.123708945687073,66.76183121019096,-75.46364358974382,1939.9358000000598,1.6669752008621848,-1.290720900000054,-5.0269100645765725,-1.4903117710062757,-1.9199700324873186,-3.015587791573971,86.97598697598697,-1290.720900000054,98709.27909999994,10,272.8594249201278,225,88,1.0242622612114733,0.6527603844506478,-0.12142401082110724,0.04542576770349465,
orb30_base,stress,D1,420,0.4238095238095238,0.639359165693946,-0.09908767789132598,-0.09908767789132598,-17.35486547619076,72.5973112359547,-83.51803677685973,8327.240700000102,7.720051638733203,-7.289043500000118,-20.575375711182676,-5.05737233057968,-5.5623879235989495,-2.665186280354846,87.43894993894993,-7289.043500000119,92710.95649999988,12,284.0,266,154,0.6319371486950692,0.6512970620157056,-0.16695947158896876,-0.03160847877689703,
orb30_base,stress,D2,411,0.5304136253041363,0.969770087912343,-0.003968756134474127,-0.003968756134474127,-1.233006812652179,74.57318715596311,-86.85865595854925,4211.580499999999,3.986497423239106,-0.5067658000000456,-1.5219100163671673,-0.3159498542106564,-0.4362251033406527,-0.3817662109839233,87.64287920914427,-506.76580000004554,99493.23419999995,8,295.09732360097325,208,203,0.989561958148074,0.9511693589862554,-0.06921386271807914,0.06298930717094862,
orb30_base,stress,D3,418,0.5095693779904307,1.062535495542903,0.0033982704721114707,0.0033982704721114707,2.6952299043059154,89.86888356807482,-87.8803224390247,2101.582199999999,1.8326856027251068,1.1266060999998726,3.410916238826789,0.7609996628228232,1.216050790116451,1.8611573276698068,87.98840048840049,1126.6060999998726,101126.60609999987,11,298.58851674641147,257,161,1.1193974229026191,0.987417930096686,-0.06312533770820687,0.06922992568730617,
orb30_base,stress,IS,1880,0.451063829787234,0.7539683780807571,-0.07058709438687617,-0.07058709438687617,-10.629652872340804,72.21763820754678,-78.70572151162828,21036.05930000069,20.74756946877802,-19.983747400000713,-13.808019029830398,-3.2158586992214757,-3.8346143642812964,-0.6655246558209815,87.15235381902049,-19983.747400000713,80016.25259999928,13,286.31117021276594,1151,729,0.7808907018816532,0.7189811026477616,-0.10336643288193766,-0.03832348941824981,0.845813158633053
orb30_base,stress,OOS,1661,0.4942805538832029,0.8914124477553301,-0.0318368726484322,-0.0318368726484322,-4.8266939795306065,80.16317149817274,-87.89416964285735,11337.506900000182,11.162876781304801,-8.017138700000336,-6.075220052389552,-1.2233980004415048,-1.6380572853354725,-0.5442342660777301,87.30577879831611,-8017.138700000337,91982.86129999967,12,286.2793497892836,1009,652,0.9281130858894073,0.8441398901174484,-0.06647765663590936,0.0026857497675845917,0.845813158633053
orb30_base,stress,ALL,3541,0.4713357808528664,0.8194136752551795,-0.05241027475751852,-0.05241027475751852,-7.907621039254744,76.12613600958628,-82.82874310897465,31206.3158000009,30.839751324522332,-28.000886100001047,-10.116726278757637,-1.9979544765283048,-2.5591343482969036,-0.3280417592314789,80.45410820313796,-28000.886100001047,71999.11389999895,13,286.29624399887035,2160,1381,0.8508496825826358,0.7787332541921959,-0.07572980790240405,-0.02882096167305042,
orb30_base,zero,E1,528,0.49242424242424243,0.9807785321198546,-0.007306335414622057,-0.007306335414622057,-0.7140784090909206,73.99304115384615,-73.19113470149254,3339.501299999999,3.1700013876429862,-0.37703340000000607,-0.9095582168917149,-0.19476153457333004,-0.26196763654187477,-0.2869267567002566,86.40541848089018,-377.03340000000605,99622.9666,10,280.842803030303,289,239,0.9561144559354496,1.0064353903888177,-0.06920738027032486,0.053385410418955406,
orb30_base,zero,E2,513,0.4873294346978557,0.9386307737597104,0.0015515112360877542,0.0015515112360877542,-2.284132358674503,71.68738919999996,-72.59926692015215,3560.749800000014,3.4874346944627783,-1.17175990000002,-2.7925852267795426,-0.7067550911079745,-0.9796791877208783,-0.8007562783078082,87.44087627582773,-1171.75990000002,98828.24009999998,8,286.3937621832359,334,179,1.123332486935194,0.6989631583268585,-0.062312646085518314,0.06787779538605014,
orb30_base,zero,E3,422,0.5165876777251185,1.0052640610778845,0.01941306245357277,0.01941306245357277,0.2103815165876797,77.77191192660554,-82.67399901960786,2465.0940000000037,2.3864364329954713,0.08878100000000082,0.2660325364407301,0.08278310626602227,0.11438585932088248,0.11147690035338768,87.5867269984917,88.78100000000083,100088.781,8,287.2630331753555,274,148,0.9786608514306459,1.049792232138407,-0.048868990638861194,0.09033581796643379,
orb30_base,zero,C,417,0.4556354916067146,0.767271909714634,-0.058995178789992865,-0.058995178789992865,-9.828332613908943,71.11525842105257,-77.57847488986792,4491.453900000032,4.38661712480356,-4.0984147000000295,-11.959553354957542,-2.981529582921645,-3.6222808609974027,-2.726372741157142,87.14896214896216,-4098.414700000029,95901.58529999998,9,281.1031175059952,254,163,0.8064312928448951,0.7191747532276643,-0.12719326305903061,0.009945309894593609,
orb30_base,zero,B,99,0.5656565656565656,1.0687594259818636,0.03306051929294291,0.03306051929294291,4.680976767676877,128.62677142857143,-156.73680232558115,2719.9879999999907,2.634953938485604,0.46341670000001084,5.790512297378658,0.6432004840659987,0.9270739953233859,2.1975762888313177,83.6996336996337,463.4167000000108,100463.41670000002,6,245.75757575757575,53,46,1.1470233285540372,1.0037272147885656,-0.1579270020067944,0.2198414979439994,
orb30_base,zero,A,313,0.5239616613418531,1.055247298914952,0.013318082584405505,0.013318082584405505,1.9003258785942627,69.27424024390248,-72.25619731543625,1192.175699999995,1.1031467773613406,0.5948020000000042,2.3823689988904606,0.7125784050613122,1.0213731849158039,2.1596119825404747,86.97598697598697,594.8020000000042,100594.80200000001,8,270.79872204472844,225,88,1.2254822529883476,0.7580744424310387,-0.0735303025984095,0.09700895415023451,
orb30_base,zero,D1,420,0.45476190476190476,0.7291259263043378,-0.06085048785693023,-0.06085048785693023,-12.22064571428575,72.33444921465961,-82.74476419213974,6468.466200000006,5.786816784076476,-5.132671200000015,-14.817796333487177,-3.5644938216461526,-4.18908407259183,-2.5606126626060037,87.43894993894993,-5132.671200000015,94867.32879999999,9,281.4047619047619,266,154,0.7200186087624166,0.7437792423007007,-0.12993377724794813,0.008834891619963457,
orb30_base,zero,D2,411,0.5425790754257908,1.080812295894747,0.026157268325958386,0.026157268325958386,3.129110218978095,77.1313,-84.6500829787234,3795.9241000000125,3.5441353556260395,1.286064299999997,3.9327179552661296,0.8847191950266924,1.2994024364210126,1.109641015550731,87.64287920914427,1286.064299999997,101286.0643,8,294.31873479318733,208,203,1.0985698052659634,1.064244809005795,-0.040259492466146046,0.09550738879607089,
orb30_base,zero,D3,418,0.5311004784688995,1.1697880341452835,0.03043539631177759,0.03043539631177759,6.948719617224759,90.14220765765754,-87.2806392857144,1879.4572000000032,1.5830949233454819,2.904564799999949,8.950061173118407,1.9292831415664389,3.294026012719515,5.65352149206862,87.98840048840049,2904.564799999949,102904.56479999995,11,298.30143540669854,257,161,1.2322864217116605,1.0881055618984983,-0.03722385895801606,0.09698324732724187,
orb30_base,zero,IS,1880,0.48829787234042554,0.9240492686492084,-0.010356647358950396,-0.010356647358950396,-2.956610106383008,73.66689967320261,-76.07551029106034,7387.411700000061,7.154752955778533,-5.558427000000055,-3.739986508665094,-0.8937526538249781,-1.1861211725601244,-0.5227275535271271,87.11843711843711,-5558.427000000055,94441.57299999995,10,283.8563829787234,1151,729,0.9704441233877434,0.8647850079957003,-0.04329544016977544,0.022417052533940544,0.9225066602459681
orb30_base,zero,OOS,1661,0.5153521974714028,1.0016721921582974,0.003225153100121315,0.003225153100121315,0.06994376881393506,81.2988369158878,-86.30512770186337,6782.369700000014,6.081755707496972,0.11617659999994616,0.08711980268134578,0.04212938368735991,0.05977783227801486,0.01432477838166918,87.30577879831611,116.17659999994615,100116.17659999995,11,284.7290788681517,1009,652,1.0443947823592226,0.9471202488054036,-0.03171418838312001,0.038032729789346596,0.9225066602459681
orb30_base,zero,ALL,3541,0.5009884213499012,0.961851674263669,-0.00398574350057194,-0.00398574350057194,-1.5369247105337782,77.34950298759861,-80.73586230899832,12021.365600000077,11.209838785320445,-5.442250400000109,-1.8004115934419418,-0.3887669959919566,-0.5352110928008409,-0.1606099452384297,80.43752280492255,-5442.250400000109,94557.7495999999,11,284.2657441400734,2160,1381,1.0064549508421001,0.9048868412354717,-0.028131416564686526,0.02032588972175815,
orb30_fixed2r,base,E1,528,0.44696969696969696,0.8502456180233758,-0.04825388320999308,-0.04825388320999308,-6.165277462120878,78.3140004237292,-74.44304999999972,4680.118799999898,4.522909288853531,-3.255266499999824,-7.6930659832214925,-1.771140502015176,-2.282037637300015,-1.7009109606024255,86.52636671504597,-3255.2664999998237,96744.73350000018,13,296.1458333333333,289,239,0.7483039033570145,0.9570371064909159,-0.11338110031752442,0.016946229394156045,
orb30_fixed2r,base,E2,513,0.4269005847953216,0.7882324126587744,-0.05017015389096871,-0.05017015389096871,-8.669684405457705,75.59121735159854,-71.43545816326491,6094.839499999829,6.042741757648829,-4.4475480999998025,-10.355858804236885,-2.6106873703289133,-3.2969734905000028,-1.7137682230303097,88.12546676624346,-4447.548099999803,95552.4519000002,10,299.2300194931774,334,179,0.951538694393258,0.5665320479492462,-0.11636125805707918,0.01898888062089092,
orb30_fixed2r,base,E3,422,0.466824644549763,0.8914147533293894,-0.016142461261486996,-0.016142461261486996,-4.656943127961709,81.89476751269072,-80.43777422222183,3463.65949999991,3.2825549211550054,-1.965229999999841,-5.76908812886161,-1.2373370826900927,-1.7192797022671151,-1.7574993465247761,87.72247360482655,-1965.229999999841,98034.77000000016,8,298.38862559241704,274,148,0.8099469629876536,1.0299109929074144,-0.08982423043282028,0.05899815238166744,
orb30_fixed2r,base,C,417,0.4028776978417266,0.6806619353382114,-0.08763069263173577,-0.08763069263173577,-14.523646043165197,76.8392654761908,-76.16609236947768,6519.799199999888,6.417155085792333,-6.056360399999886,-17.317215617837213,-4.170844332529058,-4.8785799927002484,-2.698581440890802,87.14896214896216,-6056.360399999887,93943.63960000011,14,293.5731414868105,254,163,0.7224922425123247,0.6287864749792914,-0.16246029838271528,-0.01575757391981477,
orb30_fixed2r,base,B,99,0.5353535353535354,1.2220580982463518,0.11116313751547065,0.11116313751547065,15.945541414141815,163.91693773584942,-154.54324130434736,2810.950599999984,2.7114504855388835,1.5786086000000394,21.008955268677187,1.76496381041318,2.8679065980118885,7.748234895206575,81.99023199023199,1578.6086000000396,101578.60860000004,7,249.24242424242425,53,46,1.3880680532954632,1.0903134736081848,-0.10175061884054583,0.32837186325805845,
orb30_fixed2r,base,A,313,0.48242811501597443,0.9816332469817044,-0.008695333119060573,-0.008695333119060573,-0.6830955271560083,75.67731324503373,-71.85853827160446,1622.6224999999513,1.4254793774454222,-0.2138088999998306,-0.8461531225581909,-0.22027064757775905,-0.30662754169366985,-0.5935919775104482,87.42368742368743,-213.8088999998306,99786.19110000017,8,285.03194888178916,225,88,1.1583065119960798,0.6641483278852742,-0.10102010547103321,0.08671910965463656,
orb30_fixed2r,base,D1,420,0.4023809523809524,0.6376094109419211,-0.1030812886027355,-0.1030812886027355,-17.566246428570878,76.81028284023722,-81.11060278884406,8186.170499999798,7.8522542420338235,-7.377823499999768,-20.806647778527864,-4.886563764090715,-5.567041010426075,-2.6497674600432584,87.43894993894993,-7377.8234999997685,92622.17650000023,9,291.32142857142856,266,154,0.6458354225428046,0.6244281788083919,-0.17350057075626057,-0.032550384021313036,
orb30_fixed2r,base,D2,411,0.5231143552311436,1.05924546748253,0.02548922527818113,0.02548922527818113,2.382928467153933,81.44339162790764,-84.34155918367283,4284.260999999951,4.048764079249516,0.9793836000002665,2.9856829906717453,0.6257974058549003,0.9615081230021382,0.7374307152085718,87.64287920914427,979.3836000002665,100979.38360000026,12,305.669099756691,208,203,1.0690981147754104,1.0499332480238965,-0.04575582632177087,0.0981950925321596,
orb30_fixed2r,base,D3,418,0.5,1.1063380564447052,0.012674900170363875,0.012674900170363875,4.656283014354764,96.88766698564663,-87.5751009569371,2248.6920999999675,2.0695848080374484,1.946326300000291,5.940806877324456,1.1458330089425717,2.008464184753566,2.8705307722847175,87.98840048840049,1946.3263000002912,101946.32630000029,9,308.8875598086124,257,161,1.164596255568456,1.0315985718970921,-0.05680527144086799,0.08489848235072608,
orb30_fixed2r,base,IS,1880,0.43617021276595747,0.8029603467974057,-0.05030290253230033,-0.05030290253230033,-8.364045212765614,78.14493475609794,-75.28608632075439,16822.239699999405,16.570721364279382,-15.724404999999352,-10.776514820639315,-2.4195669063583964,-3.07333101910569,-0.6503346827054658,87.36942070275404,-15724.404999999353,84275.59500000064,14,296.92021276595744,1151,729,0.8123548244001355,0.790745456240448,-0.08509064885122115,-0.015725185067492493,0.8379468332804129
orb30_fixed2r,base,OOS,1661,0.4798314268512944,0.9582473671437586,-0.011581246240119643,-0.011581246240119643,-1.8587079470192664,88.90296286072835,-85.58214733796238,9132.147099999496,8.828355463347656,-3.087313899999001,-2.324538198344406,-0.40714625464670584,-0.6026975690094897,-0.2633036478872086,87.28281668580176,-3087.3138999990015,96912.686100001,12,295.59903672486456,1009,652,1.0051344385909116,0.8983424321260493,-0.049742574961946576,0.026760427603816944,0.8379468332804129
orb30_fixed2r,base,ALL,3541,0.45665066365433493,0.8776443540011579,-0.03213948228341241,-0.03213948228341241,-5.312544168313571,83.44743840445318,-79.90968128898085,23099.228999998748,22.792452796360898,-18.811718899998354,-6.542210099737011,-1.2377826399795557,-1.723793399313516,-0.28703405281513,80.55030351278734,-18811.718899998355,81188.28110000165,14,296.30048009036994,2160,1381,0.9047023400033117,0.8427583222517852,-0.0572414900833087,-0.005793164682809767,
orb5,base,E1,530,0.4867924528301887,0.8613154224018524,-0.042066589950312,-0.042066589950312,-5.776977358490333,73.70397054263594,-81.16699411764687,4445.579599999904,4.372429599999872,-3.0617979999998766,-7.245923007387178,-1.7095039578142188,-2.2502376918152933,-1.6571846022146108,86.46589259796806,-3061.7979999998765,96938.20200000012,10,266.08490566037733,279,251,0.8766259737761914,0.8456304007905164,-0.11273996548489679,0.028093235185161394,
orb5,base,E2,515,0.487378640776699,0.9036366985752009,-0.0368314301713379,-0.0368314301713379,-3.8861648543685865,74.77164183266967,-78.67067045454513,3732.725299999875,3.5413923994034673,-2.001374899999822,-4.741889023764234,-1.2391962462730903,-1.728825642587925,-1.3389900042037095,87.7396066716455,-2001.374899999822,97998.62510000018,10,272.63106796116506,315,200,0.9764569888216692,0.8017348156982941,-0.10873952654749622,0.032896858077004626,
orb5,base,E3,425,0.4964705882352941,0.9530100769846551,-0.01613811218415256,-0.01613811218415256,-2.0513837647056286,83.80041090047413,-86.69964859813054,2953.9546000000046,2.6683934927211026,-0.8718380999998921,-2.5875337897072415,-0.5003198081283154,-0.7366548078542798,-0.9696972342218523,87.79788838612367,-871.8380999998922,99128.16190000011,13,271.4235294117647,276,149,0.9397585122829609,0.9739649212531325,-0.0960006971027078,0.0662209226146847,
orb5,base,C,420,0.48333333333333334,0.9910201856953733,-0.0364220159414896,-0.0364220159414896,-0.34875119047591496,79.63135320197074,-75.168848847926,3882.342999999945,3.838773637069905,-0.14647549999988427,-0.44516781921610793,-0.07944153023130326,-0.11534861180924746,-0.11596615515883864,86.7063492063492,-146.47549999988428,99853.52450000012,8,266.45238095238096,245,175,1.0316335702086594,0.9429996193723876,-0.11346461579249623,0.03853774563024641,
orb5,base,B,102,0.49019607843137253,0.9349564476731532,-0.0655894710878687,-0.0655894710878687,-3.903239215686037,114.45702800000007,-117.71118846153806,1546.1563999999864,1.5286075874579585,-0.3981303999999758,-4.7408510578760055,-0.6320938715428386,-0.8936213014884129,-3.10141798115757,85.04273504273505,-398.1303999999758,99601.86960000002,8,242.1078431372549,52,50,0.7441807011268261,1.1461558082928258,-0.23567742019938778,0.10614427307981965,
orb5,base,A,314,0.4745222929936306,0.8204979146639754,-0.06207225556436181,-0.06207225556436181,-6.819892356687442,65.69448053691315,-72.30256848484797,2939.1721999999377,2.861016181757966,-2.141446199999857,-8.23518627126969,-2.3185454073567993,-2.8280705452073365,-2.8784130351229047,86.91493691493692,-2141.4461999998566,97858.55380000014,9,266.0987261146497,232,82,0.920967145846709,0.5809546163273912,-0.1463967663952748,0.022227722258121335,
orb5,base,D1,420,0.42142857142857143,0.588753316802682,-0.13657457505065318,-0.13657457505065318,-20.58311523809477,69.9226836158197,-86.50709218106951,9222.714699999817,9.107561098245624,-8.644908399999805,-24.05829728996528,-5.757089656589468,-6.050912416074071,-2.6415740756984434,87.46947496947497,-8644.908399999804,91355.09160000019,12,268.64285714285717,249,171,0.6733062746970266,0.4769448907320523,-0.21071105436095464,-0.05693118201458535,
orb5,base,D2,415,0.5036144578313253,1.0278178668380933,-0.0017740445452432425,-0.0017740445452432425,1.189655903615094,87.28015598086186,-86.1545893203877,3306.433899999938,2.935913561723146,0.4937072000002641,1.4977406918822656,0.32109359818500494,0.46364259261709334,0.5101446825305074,87.90546802594996,493.70720000026404,100493.70720000027,10,283.51807228915663,215,200,0.9597070753674752,1.0926098827539104,-0.07762871556590574,0.07570328177533696,
orb5,base,D3,420,0.5214285714285715,1.050637107848457,0.002119820624654372,0.002119820624654372,2.318845238095896,92.27005570776319,-95.68769751243715,2503.2964999999317,2.2602309685485897,0.9739150000002762,2.9441588723479795,0.6971122076714018,1.0442179583510105,1.3025920418383503,88.00366300366301,973.9150000002762,100973.91500000027,9,282.8095238095238,260,160,1.1147769062795743,0.9587043905211874,-0.07114310349109094,0.07584690358906322,
orb5,base,IS,1890,0.4883597883597884,0.9217431197656725,-0.0335552505743888,-0.0335552505743888,-3.2177177248674473,77.6060215601303,-80.36385149948266,8682.37269999953,8.682372699999528,-6.0814864999994755,-4.095654956933137,-0.9052164554579764,-1.269851090529724,-0.471720703366415,87.16592049925383,-6081.486499999475,93918.51350000052,13,269.1507936507937,1115,775,0.9524318400890427,0.8827462200300978,-0.07121150669440472,0.002998541250448058,1.0567588832766686
orb5,base,OOS,1671,0.48114901256732495,0.8722359796093165,-0.04990307578896928,-0.04990307578896928,-5.814998683422559,82.50788407960252,-87.719955709342,14241.182399999405,13.930852590241765,-9.716862799999095,-7.379956357039652,-1.4901213547579044,-1.9478007502269847,-0.5297562592980948,87.45503252965939,-9716.862799999095,90283.1372000009,12,273.8001196888091,1008,663,0.8979696621027157,0.837715963375674,-0.0870991438538549,-0.012466618860648794,1.0567588832766686
orb5,base,ALL,3561,0.48497613030047737,0.8972565631073357,-0.041226470999427826,-0.041226470999427826,-4.436492361695751,79.88806988998303,-83.84135550708793,19174.6428999989,19.024242899998907,-15.79834929999857,-5.429847375434138,-1.1522703374804564,-1.5515946491172203,-0.28541726490647623,80.52542541546423,-15798.34929999857,84201.65070000142,13,271.3324908733502,2123,1438,0.9251747094009113,0.8608190416360247,-0.0676592966485913,-0.014222348734906149,
vwap_pb_base,base,E1,328,0.5060975609756098,1.066956220808714,0.02660545592435592,0.02660545592435592,1.147288719512716,36.1238596385549,-34.69290123456754,1081.609599999967,0.9806000511264766,0.37631070000017086,0.9126795875481486,0.690749437550645,1.1440723493658742,0.9307358147694327,40.46927914852443,376.3107000001708,100376.31070000018,8,90.35060975609755,178,150,0.8464441392917279,1.2924699016210828,-0.12146087488698937,0.1780022151685745,
vwap_pb_base,base,E2,331,0.4199395770392749,0.6397121460997757,-0.2062517210351321,-0.2062517210351321,-7.037634138972442,29.756020863309768,-33.67470729166633,2697.2604999998866,2.6448227486536564,-2.329456899999878,-5.506411701721303,-4.738678652942666,-5.606750701891287,-2.0819586887341828,43.41548419218322,-2329.4568999998783,97670.54310000013,9,91.66163141993958,205,126,0.6364108827476203,0.6446205185443544,-0.34693297686582003,-0.05514900402764925,
vwap_pb_base,base,E3,252,0.4444444444444444,0.9784360657342712,-0.009654292044199595,-0.009654292044199595,-0.38251547619013554,39.051343750000406,-31.929602857142573,1154.5633999999886,1.1340271352903473,-0.09639389999991416,-0.28831187587615714,-0.166621527457293,-0.2591189360733106,-0.2542371931888033,36.60633484162896,-96.39389999991415,99903.60610000009,16,85.03968253968254,152,100,0.8968335300067642,1.0999474306705637,-0.1888699214482677,0.17501987956959292,
vwap_pb_base,base,C,256,0.4765625,0.9774500172608698,-0.07905035848267757,-0.07905035848267757,-0.3876914062496718,35.262626229508555,-32.84544328358179,877.5282999999342,0.8513451435083427,-0.09924899999991597,-0.30178287051570996,-0.16186198756784057,-0.2957398174115208,-0.35447770251214533,42.78083028083028,-99.24899999991598,99900.75100000009,8,95.60546875,156,100,1.0015194337006976,0.9496219844808168,-0.23108261579355177,0.07404962951645541,
vwap_pb_base,base,B,58,0.5172413793103449,0.9737104437188973,0.20502429739640177,0.20502429739640177,-0.7920793103443277,56.718140000000254,-62.41017142857066,792.4695999999763,0.7876428537046379,-0.04594059999997101,-0.5578932864371056,-0.17128598681769722,-0.2572688690170586,-0.7083074312336904,39.010989010989015,-45.940599999971006,99954.05940000003,7,102.15517241379311,21,37,1.0068765973604272,0.9623217957052141,-0.2403554517061094,0.6895109633208109,
vwap_pb_base,base,A,198,0.4494949494949495,0.8414687577655419,-0.20025435406781092,-0.20025435406781092,-3.179174242423744,37.54158876404547,-36.42823761467842,1084.4454999999195,1.0410852205444352,-0.6294764999999013,-2.4758248863779753,-1.551844772188164,-2.3587953635387096,-2.378119329254567,43.87464387464387,-629.4764999999013,99370.5235000001,10,90.42929292929293,142,56,0.6505348996205965,1.4560246397120453,-0.38263666161093457,-0.018304028698843223,
vwap_pb_base,base,D1,269,0.40148698884758366,0.6587895776006105,-0.22562310676347333,-0.22562310676347333,-7.69058141263901,36.98385092592626,-37.65852360248403,2141.2652999999104,2.1142963999999194,-2.0687663999998938,-6.1646498078475105,-3.705311883335716,-4.260164931831668,-2.915698010859663,44.459706959706956,-2068.7663999998936,97931.23360000011,8,93.2899628252788,180,89,0.687203247500932,0.5959140584143163,-0.36294675369627866,-0.08501985405312484,
vwap_pb_base,base,D2,252,0.4166666666666667,0.7026603008644037,-0.19869489213454317,-0.19869489213454317,-6.158434126983505,34.928027619048294,-35.50590680272051,1598.9803999998462,1.5915102150158775,-1.5519253999998435,-4.611642959471207,-3.173030728015424,-4.0555521931382845,-2.897652126866933,39.01760889712697,-1551.9253999998434,98448.07460000015,8,82.85714285714286,130,122,0.6703456408389113,0.7349375512122026,-0.3602440030252577,-0.026750045718240224,
vwap_pb_base,base,D3,245,0.4816326530612245,0.8108127776451829,-0.053466008585984805,-0.053466008585984805,-4.058706530611426,36.11607203389915,-41.386453543306295,1567.154299999902,1.4756139374722603,-0.9943830999997993,-2.947621358088459,-2.0232602340389447,-2.3455320430756856,-1.9975559211224045,40.94932844932845,-994.3830999997994,99005.6169000002,7,93.46938775510205,151,94,0.9967216038404031,0.5904869191729845,-0.2204742732016042,0.11872411194155301,
vwap_pb_base,base,IS,1167,0.46186803770351326,0.8974678740426736,-0.07044773220749248,-0.07044773220749248,-1.8412931448153707,34.89506215213406,-33.37138152866209,3234.404199999651,3.197070807626649,-2.1487890999995374,-1.4373804369755994,-0.9643218393225778,-1.4899745102466166,-0.4495929316131228,40.91710758377425,-2148.7890999995375,97851.21090000046,16,90.72836332476436,691,476,0.8199421234424582,0.9962413899978723,-0.1480337219473637,0.00657330504486588,1.1773221223283972
vwap_pb_base,base,OOS,1022,0.44031311154598823,0.7622959401015467,-0.1483579779816837,-0.1483579779816837,-5.176606653619773,37.70253533333391,-38.9101973776218,6166.431999999436,6.057113463554678,-5.290491999999408,-3.994705228998263,-2.3854582233251507,-3.0287872765481034,-0.6595064221653081,41.779563719862225,-5290.491999999408,94709.5080000006,10,90.70939334637964,624,398,0.753566149982808,0.7748106055656967,-0.2293475174679968,-0.06603266775139417,1.1773221223283972
vwap_pb_base,base,ALL,2189,0.45180447693010506,0.8278496525437935,-0.10682245636520077,-0.10682245636520077,-3.398483828231588,36.17247664307434,-36.01155041666622,8596.461499999074,8.448725718406283,-7.439281099998946,-2.4786117958584652,-1.614710178295493,-2.221451547834444,-0.29337108085525776,38.11490363883637,-7439.281099998946,92560.71890000105,16,90.71950662402924,1315,874,0.7849254219052312,0.8859481172594362,-0.16271472462543007,-0.04793851588507716,
vwap_pb_base,stress,E1,328,0.49390243902439024,0.9059520642598794,-0.05254998395743318,-0.05254998395743318,-1.8032432926833257,35.16973580246869,-37.88530722891602,1366.6402000000273,1.267512272791686,-0.5914638000001309,-1.424678261948753,-1.070193452979231,-1.5465806040371424,-1.1239956350173321,40.56603773584906,-591.4638000001308,99408.53619999987,8,90.42682926829268,178,150,0.7118244192599643,1.1056829308830838,-0.19628804539521938,0.0946316999959037,
vwap_pb_base,stress,E2,330,0.396969696969697,0.5474075448485859,-0.2780068523394798,-0.2780068523394798,-9.80209666666689,29.865177099236366,-35.9147241206032,3536.4375000000723,3.471452905841718,-3.2346919000000733,-7.597235687175196,-6.489410661817006,-7.033683641270283,-2.1884887663003183,43.67687328852377,-3234.6919000000735,96765.30809999992,9,92.65151515151516,205,125,0.5292409677322477,0.5757416859827008,-0.4181482571449045,-0.13088020810205858,
vwap_pb_base,stress,E3,252,0.42063492063492064,0.8567191426877352,-0.0849271169299061,-0.0849271169299061,-2.842374603174994,40.40417924528269,-34.24055753424701,1253.5387000000237,1.2452998298022642,-0.7162784000000985,-2.12915529708283,-1.2915496921292264,-1.870690493872875,-1.7097531422781205,37.209653092006036,-716.2784000000985,99283.7215999999,16,87.93650793650794,152,100,0.7867135440784807,0.9642845200971173,-0.26245874239810757,0.09598248369147384,
vwap_pb_base,stress,C,256,0.45703125,0.8649470637896572,-0.14290333288985935,-0.14290333288985935,-2.51170000000034,35.19713931623882,-34.25223381294985,1249.933500000062,1.2198033532412715,-0.642995200000087,-1.9442859609911434,-1.0784499816065947,-1.8278524933705627,-1.5939339368306955,42.78083028083028,-642.995200000087,99357.00479999991,8,96.23046875,156,100,0.8693662369229422,0.8597070940694186,-0.29006821915735154,0.005519208207405224,
vwap_pb_base,stress,B,58,0.5,0.9046856207770424,0.14759533566815086,0.14759533566815086,-3.0063137931037827,57.0694344827584,-63.08206206896597,849.4496000000071,0.8447442982318688,-0.17436620000001943,-2.1023474293630384,-0.6874287696575975,-1.0020507441857462,-2.488738229738223,39.010989010989015,-174.3662000000194,99825.63379999998,7,102.15517241379311,21,37,0.9360933955140622,0.894043217967629,-0.2862374559579731,0.6206396770186684,
vwap_pb_base,stress,A,198,0.41414141414141414,0.7197249356523132,-0.29450591534804443,-0.29450591534804443,-6.183958585858919,38.34422804878022,-37.66078017241418,1580.2044000000494,1.5529029746175242,-1.224423800000066,-4.77341315649088,-3.0108560094476307,-4.149814972803232,-3.0738643910876395,44.07814407814408,-1224.423800000066,98775.57619999994,10,91.33838383838383,142,56,0.5611070611168149,1.2209756855192453,-0.474128177813192,-0.114800928454355,
vwap_pb_base,stress,D1,269,0.37174721189591076,0.5931843556796642,-0.2892389205475002,-0.2892389205475002,-9.817867657992846,38.508933999999655,-38.41360828402391,2682.4232000000716,2.6805364000000993,-2.6410064000000752,-7.823613023083064,-4.649256219536508,-5.162845240790553,-2.918674420195441,44.47496947496948,-2641.0064000000752,97358.99359999993,9,94.34944237918215,180,89,0.6216265719554428,0.5320308791745021,-0.423402081518012,-0.15296181326911065,
vwap_pb_base,stress,D2,251,0.41832669322709165,0.6328901755185438,-0.25667101719530505,-0.25667101719530505,-8.13687649402407,33.53316095238078,-38.105054109589204,2086.0110000000445,2.0790812405807246,-2.042356000000042,-6.038844007596378,-4.119511517457925,-5.002971771399982,-2.9045733710288397,39.17207290701267,-2042.3560000000418,97957.64399999996,8,83.80478087649402,130,121,0.6024594797157775,0.6635989936060952,-0.4153304949569237,-0.08615472495370696,
vwap_pb_base,stress,D3,245,0.46530612244897956,0.7526048387822204,-0.10201679848371337,-0.10201679848371337,-5.522828979591877,36.10760087719288,-41.75083664122136,1769.1642999999983,1.696330235188721,-1.35309310000001,-3.996561267872678,-2.733412314132077,-3.084532978964495,-2.3560042643630945,41.02564102564103,-1353.0931000000098,98646.90689999999,11,94.12244897959184,151,94,0.9184032249649511,0.553495496393845,-0.26654474280188883,0.06573750411290068,
vwap_pb_base,stress,IS,1166,0.4425385934819897,0.7764532407996635,-0.14319343284408811,-0.14319343284408811,-4.447194939966029,34.904542054263175,-35.68642000000029,5614.102100000302,5.5853280680751425,-5.18542930000039,-3.4867578072188654,-2.3116542641556608,-3.269449886909605,-0.6242709048996826,41.151132817799486,-5185.42930000039,94814.5706999996,16,91.79245283018868,691,475,0.6995522592382941,0.877204842783619,-0.21874510046274703,-0.06653108954482043,1.1309067944260816
vwap_pb_base,stress,OOS,1021,0.42115572967678744,0.6865758032638773,-0.21251268593728595,-0.21251268593728595,-7.282316846229396,37.87763279069746,-40.13980981387499,8209.9105000002,8.112939695730365,-7.435245500000212,-5.629938031991621,-3.3226531101083228,-4.03213646826949,-0.6939455047292555,41.879066207424415,-7435.245500000213,92564.75449999979,11,91.56219392752203,624,397,0.6771527439291118,0.7001236509174125,-0.2902856436212531,-0.1329700304011746,1.1309067944260816
vwap_pb_base,stress,ALL,2187,0.4325560128029264,0.7310102850327227,-0.1755550960394036,-0.1755550960394036,-5.770770370370646,36.255946934460574,-37.807252699436184,13226.920900000532,13.12414078818741,-12.620674800000604,-4.285584066282722,-2.7056992288221875,-3.4963242902391203,-0.3265420674349996,38.27246492188277,-12620.674800000603,87379.3251999994,16,91.68495656149977,1315,872,0.6880075854242103,0.790050477226052,-0.22986548612196953,-0.11959379673722388,
vwap_pb_base,zero,E1,330,0.5393939393939394,1.4262659397007518,0.15585026035779315,0.15585026035779315,5.863606666666636,36.37296011235948,-29.864451973684194,562.0271999999998,0.4608193089492177,1.93499019999999,4.744922635702897,3.580123861902461,7.746976460947922,10.296709672436466,40.1548137397194,1934.99019999999,101934.99019999999,7,87.46969696969697,179,151,1.1211111294778628,1.7530078896160752,0.005295641031450317,0.3096106540988194,
vwap_pb_base,zero,E2,331,0.4743202416918429,0.890742604536382,-0.04805312723738785,-0.04805312723738785,-1.7309468277945397,29.75181401273893,-30.13780574712646,1263.9043999999897,1.2264625423883173,-0.5729433999999927,-1.371231319194599,-1.2283637789863155,-1.7858578728233934,-1.1180376667063718,43.24122479462285,-572.9433999999926,99427.05660000001,7,90.42296072507553,205,126,0.9135552670018763,0.8590253108773225,-0.1968669463561045,0.10910512488072631,
vwap_pb_base,zero,E3,253,0.4901185770750988,1.2341918212218115,0.11483037529603395,0.11483037529603395,3.549730039525643,38.16850080645158,-29.72722790697681,949.5513000000086,0.9114520492505529,0.8980816999999877,2.7128684431700023,1.6361348463110312,2.8112185166093613,2.9764247558614576,36.41025641025641,898.0816999999877,100898.08169999998,16,83.97233201581028,154,99,1.149000581284053,1.359507038759467,-0.07273144954024263,0.3036790537220515,
vwap_pb_base,zero,C,257,0.5175097276264592,1.2412157370636947,0.049082128218491505,0.049082128218491505,3.593013618677064,35.725801503759456,-30.871992741935504,484.35819999999876,0.45607786069243283,0.9234045000000055,2.837218709792211,1.6082477745211794,3.4187623868669914,6.220908652493347,42.62820512820513,923.4045000000054,100923.4045,8,94.10505836575875,157,100,1.3042973942297351,1.1688738927161044,-0.10839278528790972,0.21337494151138758,
vwap_pb_base,zero,B,58,0.5344827586206896,1.083467669592444,0.2819559703343937,0.2819559703343937,2.379101724137897,57.779925806451466,-61.22925185185176,672.4560999999959,0.6680916974535429,0.13798789999999805,1.6930164406025794,0.5716106368693449,0.9103829060009975,2.5341078882668,39.072039072039075,137.98789999999804,100137.9879,7,101.98275862068965,21,37,1.13913680083727,1.0646218036566863,-0.18144113283601487,0.7896861739517154,
vwap_pb_base,zero,A,198,0.4797979797979798,1.021117975196533,-0.09205758765953712,-0.09205758765953712,0.3801176767677243,38.30745473684209,-34.6014067961164,558.7938999999759,0.5366819791503937,0.07526330000000941,0.2991376198150375,0.19548672881801904,0.33575821640055864,0.5573833879956132,43.87464387464387,75.26330000000941,100075.2633,10,89.4949494949495,142,56,0.802712316392387,1.7270574091286517,-0.2849005037464992,0.1002558406966328,
vwap_pb_base,zero,D1,269,0.44609665427509293,0.7871874668658565,-0.12767035009763028,-0.12767035009763028,-4.347746840148765,36.050911666666636,-36.88357919463097,1348.4728000000196,1.2484164000000892,-1.1695439000000176,-3.5174281913025074,-2.117223210855452,-2.6229344234947467,-2.817512002647719,44.459706959706956,-1169.5439000000176,98830.45609999998,8,92.75092936802974,180,89,0.8075185901712147,0.7400740633742937,-0.27104673279482294,0.019452170322368664,
vwap_pb_base,zero,D2,252,0.4523809523809524,0.8267426279234886,-0.13604197524125486,-0.13604197524125486,-3.270724206349258,34.49993070175432,-34.472569565217434,1153.5972000000106,1.1205581555618596,-0.8242225000000131,-2.4673546039125416,-1.6758238867626498,-2.3128013760415067,-2.2018978592640597,39.01760889712697,-824.222500000013,99175.77749999998,8,81.86507936507937,130,122,0.793571771422512,0.858860631364562,-0.29141391384202914,0.023385487155490835,
vwap_pb_base,zero,D3,245,0.5061224489795918,0.9428937351743938,0.04208588858911595,0.04208588858911595,-1.1233102040815375,36.64570645161307,-39.82874876033056,1156.5769999999884,1.0671366016054147,-0.2752109999999767,-0.8216825835601793,-0.5566164204148372,-0.6839754952648703,-0.7699881930054961,40.88827838827839,-275.2109999999767,99724.78900000002,8,93.08163265306122,151,94,1.1616566058793298,0.6886856918700947,-0.1298920028516309,0.21658477919049218,
vwap_pb_base,zero,IS,1171,0.5055508112724167,1.1824759617997018,0.0659190373224127,0.0659190373224127,2.718644748078557,34.84771520270271,-30.1318037996546,1263.9043999999901,1.2032236999321397,3.1835329999999904,2.110764159383849,1.480144751834201,2.72234757915487,1.7542574664236528,40.70343237009904,3183.5329999999904,103183.533,16,89.00512382578992,695,476,1.101080391583338,1.2849988417453155,-0.013750361699505104,0.14738294643164018,1.3157931791795188
vwap_pb_base,zero,OOS,1022,0.4735812133072407,0.898679200128588,-0.05889316566528266,-0.05889316566528266,-2.0114737769080238,37.672634297520666,-37.7124185873606,3143.830799999989,3.0469104013913246,-2.0557262,-1.5457908679302301,-0.9240410730989222,-1.2662647370594968,-0.5073305953546808,41.76808266360505,-2055.7262,97944.2738,10,90.03913894324853,624,398,0.8923446032093344,0.9076819129822329,-0.1410487267540567,0.025830856451604104,1.3157931791795188
vwap_pb_base,zero,ALL,2193,0.4906520747834017,1.0298870809395675,0.007753022067773088,0.007753022067773088,0.5142757865937029,36.11840371747213,-33.782986213070735,3143.8307999999897,2.953585007614026,1.1278067999999906,0.36477556555138957,0.2575116765798153,0.3967831725934251,0.12350264665179339,38.005440010614656,1127.8067999999905,101127.80679999999,16,89.48700410396717,1319,874,0.9861756157486995,1.088621606450286,-0.0503815613773166,0.06670058881536495,
tjl_base,base,A,2,0.5,0.1822247065399634,-0.4714312911862707,-0.4714312911862707,-131.67000000000087,58.67999999999918,-322.02000000000095,322.02000000000095,0.3220200000000041,-0.26334000000000174,-1.0414068545108512,-1.603160551439726,-1.634373195484233,-3.2339819095423827,2.1001221001221,-263.34000000000174,99736.66,1,258.0,2,0,0.1822247065399634,0.0,-1.0798079536189917,0.13694537124645037,
tjl_regime,base,A,2,0.5,0.1822247065399634,-0.4714312911862707,-0.4714312911862707,-131.67000000000087,58.67999999999918,-322.02000000000095,322.02000000000095,0.3220200000000041,-0.26334000000000174,-1.0414068545108512,-1.603160551439726,-1.634373195484233,-3.2339819095423827,2.1001221001221,-263.34000000000174,99736.66,1,258.0,2,0,0.1822247065399634,0.0,-1.0798079536189917,0.13694537124645037,
tjl_base,base,B,0,0.0,0.0,0.0,0.0,0.0,0.0,0.0,0.0,0.0,0.0,0.0,0.0,0.0,0.0,0.0,0.0,100000.0,0,0.0,0,0,0.0,0.0,0.0,0.0,
tjl_regime,base,B,0,0.0,0.0,0.0,0.0,0.0,0.0,0.0,0.0,0.0,0.0,0.0,0.0,0.0,0.0,0.0,0.0,100000.0,0,0.0,0,0,0.0,0.0,0.0,0.0,
tjl_base,base,C,8,1.0,inf,0.21822402344834121,0.21822402344834121,98.34847500000042,98.34847500000042,0.0,0.0,0.0,0.7867878000000034,2.414092121348421,3.3110005925851675,0.0,0.0,4.2765567765567765,786.7878000000034,100786.7878,0,230.375,8,0,inf,0.0,0.08657773619086653,0.4001676365003387,
tjl_regime,base,C,8,1.0,inf,0.21822402344834121,0.21822402344834121,98.34847500000042,98.34847500000042,0.0,0.0,0.0,0.7867878000000034,2.414092121348421,3.3110005925851675,0.0,0.0,4.2765567765567765,786.7878000000034,100786.7878,0,230.375,8,0,inf,0.0,0.08657773619086653,0.4001676365003387,
tjl_base,base,D,13,0.46153846153846156,1.3429737449622932,0.0435631818428784,0.0435631818428784,10.113900000001284,85.80595000000123,-54.76499999999867,248.15999999999542,0.24788971567951976,0.1314807000000167,0.1477761048757742,0.4838866372220534,0.7666246652058399,0.5961364894493008,4.1632326007326,131.4807000000167,100131.48070000001,4,292.53846153846155,13,0,1.3429737449622932,0.0,-0.054816573386623366,0.1530143337234255,
tjl_regime,base,D,10,0.4,0.8251835087022968,-0.004150219730295358,-0.004150219730295358,-6.604129999998866,77.93342500000118,-62.9624999999989,373.7753999999927,0.35045828096747256,-0.06604129999998867,-0.07831202608091781,-0.2908102476242231,-0.3939789667365655,-0.22345605834945662,3.2251792441365903,-66.04129999998867,99933.95870000002,4,282.0,10,0,0.8251835087022968,0.0,-0.09552062450497566,0.09432387508517767,
tjl_base,base,D1,37,0.35135135135135137,0.4964553409784132,-0.08086465337909306,-0.08086465337909306,-45.90542972972974,128.81446153846167,-140.5453708333334,1729.4408999999998,1.7290342311488351,-1.6985009000000006,-5.080612130058871,-2.354071773155483,-2.692366960383465,-2.938410378771461,23.49206349206349,-1698.5009000000005,98301.4991,4,278.35135135135135,37,0,0.4964553409784132,0.0,-0.2029885316275169,0.034276078013333475,
tjl_regime,base,D1,36,0.3611111111111111,0.5103383571211046,-0.07861569433864517,-0.07861569433864517,-44.63169166666664,128.81446153846167,-142.66647391304352,1729.4408999999998,1.7290342311488351,-1.606740899999999,-4.810669564849412,-2.2289168789564493,-2.5543614682738776,-2.782287058396191,22.695360195360195,-1606.740899999999,98393.2591,4,278.8333333333333,36,0,0.5103383571211046,0.0,-0.203200535983976,0.04183745663998321,
tjl_base,base,D2,33,0.45454545454545453,1.078271475923727,-0.01781623264696128,-0.01781623264696128,5.670584848485035,171.860126666667,-132.82069999999993,858.7300000000005,0.8576561801561932,0.18712930000000616,0.5659351154426506,0.3227396118268398,0.5220931771411299,0.6598624583333436,15.288847698486252,187.12930000000617,100187.1293,5,250.3939393939394,33,0,1.078271475923727,0.0,-0.12043719933270562,0.08846905924678596,
tjl_regime,base,D2,25,0.44,0.9320163747690122,-0.03647815451108331,-0.03647815451108331,-5.119315999999885,159.50653636363654,-134.46819999999994,858.7300000000005,0.8576561801561932,-0.12798289999999712,-0.38582973266999554,-0.26245299844260833,-0.4328915409470545,-0.44986527421714567,11.844300278035218,-127.98289999999712,99872.0171,5,262.8,25,0,0.9320163747690122,0.0,-0.1441016492130602,0.0762993417279402,
tjl_base,base,D3,38,0.5263157894736842,1.3244529349096246,0.05645659007389348,0.05645659007389348,23.54863947368465,182.64351000000056,-153.22343888888858,1485.7234000000003,1.3679628623142073,0.8948483000000166,2.70301432192388,0.9990883118306828,1.5011983870878127,1.9759413039555345,21.245421245421245,894.8483000000166,100894.84830000001,5,299.36842105263156,38,0,1.3244529349096246,0.0,-0.08000387427383766,0.18398689307339694,
tjl_regime,base,D3,31,0.5483870967741935,1.5287707557598422,0.05701965757046581,0.05701965757046581,34.11032258064545,179.8347176470592,-142.84072857142837,796.971700000001,0.7824617934466489,1.057420000000009,3.1992488494159588,1.3160820972271636,2.138370586668406,4.088696567948267,17.24969474969475,1057.420000000009,101057.42000000001,4,300.1290322580645,31,0,1.5287707557598422,0.0,-0.089908780721224,0.19233939234443914,
tjl_base,base,E,14,0.35714285714285715,0.48704594415732205,-0.08159728686015723,-0.08159728686015723,-36.70093571428553,97.57232000000039,-111.2971888888888,994.3634999999992,0.9926408343683186,-0.5138130999999974,-0.5256556702001647,-1.0418905643131613,-1.2386087904156353,-0.5295527364987692,3.629513343799058,-513.8130999999973,99486.1869,7,265.2857142857143,14,0,0.48704594415732205,0.0,-0.2506934945968303,0.08071091581516356,
tjl_regime,base,E,12,0.4166666666666667,0.5719984542280829,-0.06473771724544526,-0.06473771724544526,-30.42046666666644,97.57232000000039,-121.8438857142856,845.5959999999991,0.8441310637191629,-0.3650455999999973,-0.37346575565539997,-0.767902023949019,-0.9292112157543467,-0.4424262673262427,3.2872841444270016,-365.04559999999725,99634.9544,5,282.25,12,0,0.5719984542280829,0.0,-0.25335000472753527,0.11871865256406157,
tjl_base,base,E1,35,0.45714285714285713,1.020553845119392,0.015971583914715926,0.015971583914715926,1.481242857142876,160.8856000000002,-132.75400526315806,1077.8148000000058,1.0704849061689539,0.05184350000000066,0.1254490292976529,0.06879645505893299,0.0920232806646053,0.11718897536501403,16.903725205611998,51.84350000000066,100051.8435,5,271.1142857142857,35,0,1.020553845119392,0.0,-0.11858161866927074,0.14662088485754862,
tjl_regime,base,E1,24,0.4166666666666667,0.5115712358317839,-0.07485052282436777,-0.07485052282436777,-43.92504999999995,110.4150800000004,-154.1680000000002,1499.1330000000003,1.4991329999999872,-1.0542011999999987,-2.5309371380069168,-1.4080115830780335,-1.6000829283656495,-1.6882672438048782,9.136429608127722,-1054.2011999999988,98945.7988,5,261.5833333333333,24,0,0.5115712358317839,0.0,-0.2302987149299696,0.07563459671733087,
tjl_base,base,E2,47,0.40425531914893614,0.5933998271266357,-0.07566669535293273,-0.07566669535293273,-40.545678723404215,146.37560000000025,-167.38511785714294,2879.3153999999995,2.8696688548769047,-1.9056468999999983,-4.518137948096578,-1.90881842269926,-2.322188106301022,-1.5744457554460183,23.313417973612147,-1905.6468999999981,98094.35310000001,6,274.5531914893617,47,0,0.5933998271266357,0.0,-0.1933135062502009,0.041440948967024396,
tjl_regime,base,E2,43,0.3488372093023256,0.40457586336453905,-0.12601442926798614,-0.12601442926798614,-64.89823023255809,126.41062666666697,-167.38511785714294,2879.3153999999995,2.8696688548769047,-2.7906238999999986,-6.574983425102854,-3.1322333131401563,-3.4256186468731498,-2.2911993535173556,20.866318147871546,-2790.6238999999982,97209.37610000001,6,272.1162790697674,43,0,0.40457586336453905,0.0,-0.23811062371040456,-0.013740298495713532,
tjl_base,base,E3,36,0.5555555555555556,0.9677562793814778,0.003813923979554143,0.003813923979554143,-2.08857777777804,112.8350449999995,-145.74310624999995,752.4408999999999,0.7524408999999869,-0.07518880000000945,-0.2249354829182426,-0.12755044076082334,-0.1895446332984538,-0.29894106356824374,23.885369532428356,-75.18880000000945,99924.8112,3,262.6666666666667,36,0,0.9677562793814778,0.0,-0.11098040990887159,0.1178444998523123,
tjl_regime,base,E3,30,0.5666666666666667,1.1294085309967015,0.026953305520993554,0.026953305520993554,8.02255333333306,123.55863529411727,-143.06309230769244,711.7652000000016,0.6662550894097544,0.24067659999999177,0.7222804744741795,0.46921006143613947,0.7422091605250756,1.0840899918889308,18.76923076923077,240.67659999999177,100240.67659999999,3,258.6666666666667,30,0,1.1294085309967015,0.0,-0.10648950525532967,0.1583120445132343,
tjl_base,base,IS,118,0.4661016949152542,0.7978207334701451,-0.02423752526532908,-0.02423752526532908,-16.347391525423788,138.40012545454542,-151.44443015873023,3423.5069000000026,3.400224660688722,-1.928992200000007,-1.6600631710508962,-0.7754288195395911,-1.0048792382099316,-0.4882216137784987,21.16780045351474,-1928.992200000007,98071.00779999999,6,269.90677966101697,118,0,0.7978207334701451,0.0,-0.09258237242781071,0.046197498004946665,
tjl_base,base,OOS,108,0.4444444444444444,0.927654102847737,-0.01328312434785383,-0.01328312434785383,-5.708549074073866,164.69500208333372,-142.03138999999993,2455.5469000000007,2.4549694911756768,-0.6165232999999776,-0.6169442709421769,-0.25989181644241366,-0.35809725102857154,-0.25130425170649445,20.027581979773213,-616.5232999999776,99383.47670000003,5,277.2037037037037,108,0,0.927654102847737,0.0,-0.08346359881550452,0.05737419782423291,
tjl_regime,base,IS,97,0.4329896907216495,0.5859658903483193,-0.06604570969771571,-0.06604570969771571,-37.15617010309284,121.44778571428577,-158.2719181818183,4155.325099999998,4.155325099999987,-3.6041485000000058,-3.105404673511747,-1.6403007347613445,-1.9278561280598945,-0.7473313396132968,16.030873888016746,-3604.1485000000057,96395.85149999999,7,265.35051546391753,97,0,0.5859658903483193,0.0,-0.14293393946276292,0.009492545916570276,
tjl_regime,base,OOS,92,0.44565217391304346,0.9054527466772245,-0.02146205950308553,-0.02146205950308553,-7.361997826086817,158.20366097560998,-140.46380196078425,2363.7868999999996,2.3632310680528,-0.6773037999999872,-0.6777661310484517,-0.31777332264546976,-0.4425922331533524,-0.2867963866127156,17.284707324547963,-677.3037999999872,99322.6962,5,281.6521739130435,92,0,0.9054527466772245,0.0,-0.09804625165667963,0.05321004407422645,
